#,Symbol,Name,Company Description,Days Vol Short 2 Periods Ago,Days Vol Short 1 Period Ago,Days Vol Short Current,Pr Wk High($),Index % Chg 5 Days,% New Lows in Group,# New Lows in Group,# New Highs in Group,Ind Mkt Val (bil),Short Volume,Ex-Dividend Date,Expected X Dividend Amount,A/D Rating - Pr Wk,IBD Big Cap 20,IBD 85-85 Index,IBD New America,IBD 50,Liab to Assets Lss Ind Median,LT Debt to Working Cap,EV to FCF,Yield %,Current Ratio,Price to CF,Dividend-Adjusted PEG,PEG,P/E Percent Rank,P/E vs S&P 500 P/E (%),Forward P/E,Pre-tax Margins,50 Day ATR %,30 Day ATR %,Avg Sales % Chg 6Q,Avg Sales % Chg 5Q,Avg Sales % Chg 4Q,Sales Growth 5 Yr,Sales Growth 3 Yr,Sales Accel 3 Qtrs,EPS Lst Yr Gtr EPS 4 Yrs Ago,Avg EPS % Chg 6Q,Avg EPS % Chg 3Q,Avg EPS % Chg 4Q,Avg EPS % Chg 5Q,EPS % Growth 5 Yr Pct Rnk,EPS % Growth 5 Yr,EPS % Growth 3 Yr,EPS % Growth 1 Yr,Sustainable Growth %,EPS Accel 3 Qtrs,RS Line New Low,% Chg YTD,Current Price,Industry Name,State,% New Highs in Group,Ind Grp Rnk 6 Mo Ago,3-Yr EPS Growth Geq 5-Yr,Avg True Range,Debt %,Sales Accel 2 Qtrs,Number of Stocks,P/E,Shrt Int % Chg,Shrt Int % of Float,52-Wk Low,52-Wk High,Ind Grp Rnk 3 Mo Ago,Ind Grp Rnk Last Week,Trl 26 Wk % Perf vs S&P 500,EPS Trailing 4 Qtrs,EPS Trl 4Q Gtr EPS 4 Yrs Ago,Earnings Stability,Price % Chg,% Off High,RS Rating,RS 3-Month Rating,Comp Rating,Beta,50-Day Avg $ Vol (1000s),Market Cap (mil),21 Day ATR %,Shares (1000s),Price vs 200-Day,Vol % Chg vs 50-Day,% Chg 1 Month,% Chg 3 Months,Ind Group RS,% Chg 6 Months,SMR Rating,EPS Rating,Ind Group Rank,A/D Rating,EPS Surprise,EPS Est Cur Yr %,EPS Est Next Yr %,Price vs 50-Day,Price vs 10-Day,Price vs 21-Day,P/E Ratio Rank in Grp,Annual Sales (mil),EPS % Chg 1 Yr Ago,Sales % Chg Lst Qtr,EPS % Chg Lst Yr,EPS Lst Rptd,Avg Sales % Chg 2Q,50-Day Avg Vol (1000s),10 Day > 21 Day > 50 Day,Price $ Chg,EPS Est Cur Qtr %,Volume (1000s),IPO Date,ETF/Closed-End Fund,Number of Funds,Incorp Date,ADR,ETF,AT Margin Accel,Price to Sales,Daily Closing Range,RS Line Within 5% of New High,EPS % Chg Last Qtr,Up/Down Vol,EPS % Chg 1 Q Ago,Sales % Chg Lst Yr,Exchange,RS Line New High,RS 6-Month Rating,50-Day > 150-Day > 200-Day,Price to Book,P/E Lss 5-Yr Avg,Weekly Closing Range,Shares in Float (1000s),EPS % Chg 2 Q Ago,EPS % Chg 3 Q Ago,Avg EPS % Chg 2Q,Avg Sales % Chg 3Q,EPS Trl 4Q Geq EPS Lst Fiscal Yr,EPS % Chg Lst Q Gtr 3-Yr Growth,Price vs 150-Day,Funds % Increase,Sector,% Chg Cur Week,City,New CEO 12 Months,Funds %,Enterprise Val (mil),Current day's Volume greater than previous 5 days' Volume,Current day's Volume greater than previous 10 days' Volume,Current day's Volume greater than previous 20 days' Volume,% Chg 12 Months,Vol % Chg vs 10-Week,EPS Due Date,ROE,AT Margin,timestamp,symbol,C_Score,A_Score,N_Score,S_Score,L_Score,I_Score,M_Score,CANSLIM_Score,Momentum_Score,Quality_Score,EPS_Accel,Sales_Accel,Setup_Type
9081,PAYS,Paysign Inc.,NA,2.1,2.2,2.7,13.25,5.5,0,0,1,1831.6,1530760,NA,0,A+,No,Yes,No,No,No,0.19,5,0,1.14,14.98,0,0,88,192.89,37,12.2,5.8,5.99,NA,43.9,46.5,31,33,No,Yes,177.2,176.7,140.8,132.7,12,-,48,107,19,Yes,No,155.7,13.17,Finance-CrdtCard/PmtPr,NA,2.4,131,No,0.56,10.9,No,41,51,22.3,3.6,0,13.25,107,70,275,0.26,Yes,0,1.15,-0.6,99,99,99,1.33,5745,735.1,6.35,56462.2,118.8,-26.5,51.4,127.5,B+,288.5,NA,98,43,A+,83.3,165,22,49.1,12.4,28.6,10,82,-42,48,86,NA,49.4,633,Yes,0.15,125,456,NA,No,170,NA,No,No,No,7.39,0,Yes,450,2.9,80,40,NASDAQ,Yes,99,Yes,12.36,-,100,43016.6,0,33,265,48.2,Yes,Yes,109.4,14.1,FINANCE,5.5,NA,No,36,563.8,No,No,No,147.6,-17.6,NA,19.1,23.9,2026-08-14,PAYS,32,15,10,0,15,10,10,92,119,50,TRUE,FALSE,Momentum Leader
7185,ETON,Eton Pharmaceuticals Inc.,NA,3.5,2.9,2.8,59.79,32,2.2,12,6,494.3,1313359,NA,0,A-,No,No,No,Yes,No,1.09,51.2,0,1.21,150.49,0,0,94,554.41,36,-5.7,5.38,5.7,NA,89.6,84.8,47,55,No,No,203,400.5,325.4,263.6,68,-,-,-,-18,No,No,248.1,58.86,Medical - Development Biotech,NA,1.1,63,No,2.38,85,Yes,554,90,-4.1,5.1,0,59.79,55,11,231,0.66,Yes,0,44.26,-1.56,99,99,98,0.77,18552,1117.6,6.23,27392.4,135.5,397.5,56.9,96.5,A,244.8,NA,82,12,B,126.6,957,95,51.6,29.5,30.9,4,80,-275,99,2,NA,69.5,477,Yes,18.06,852,2318,NA,No,152,NA,No,No,No,15.27,0,Yes,530,2,333,105,NASDAQ,Yes,99,Yes,52.6,-,130,25925.5,338,100,431.7,73.9,Yes,No,112.4,20.6,MEDICAL,32,NA,No,40,1144.1,Yes,Yes,Yes,252.5,63.8,NA,-18.2,30.8,2026-08-14,ETON,35,15,10,10,15,10,10,105,118.66666666666667,20,TRUE,TRUE,Breakout
7412,FSLY,Fastly Inc. Cl A,NA,3,3.2,3.9,30.69,30.4,1.8,2,1,5573.4,22594904,NA,0,B,No,No,No,No,Yes,1.16,157.9,0,3.36,49.67,0,0,91,0,59,-19.1,7.84,8.21,NA,18.7,20.3,15,12,No,Yes,294.5,486.7,427.5,353.4,78,-,-,-,-13,No,No,194,29.93,Comp Sftwr - Enterprise,NA,0.9,132,No,1.8,39.5,Yes,114,64,21.3,15.3,0,34.82,88,9,50,0.47,Yes,0,-0.3,-14.04,99,99,96,2.04,131247,4782.2,8.59,159300,69.7,-38.3,43.2,69.3,A,63.9,NA,83,11,A-,127.5,304,11,45.3,13.1,27.6,18,624,29,23,208,NA,21.5,6089,Yes,-0.09,69,3663,NA,No,460,NA,No,No,No,6.94,0,No,600,2.3,360,15,NASDAQ,No,89,Yes,4.81,-,98,147909.7,500,250,480,21.9,Yes,No,49.4,5,SOFTWARE,30.4,NA,No,71,4613.3,No,No,No,333.1,5.1,NA,-12.8,-8.5,2026-08-14,FSLY,30,15,5,0,15,10,10,85,118,35,TRUE,TRUE,Momentum Leader
5912,APPS,Digital Turbine Inc.,NA,1.6,1.6,1.6,15.34,-13.2,1.8,2,1,5573.4,10723879,NA,0,A,No,No,No,No,No,9.49,61.3,0,1.2,33.6,0,0,55,0,16,-5.5,10.28,10.44,NA,17.6,19.3,-10,-2,Yes,No,88.9,126.2,144.6,110,43,-26,-13,95,-22,Yes,No,148.8,12.44,Comp Sftwr - Enterprise,NA,0.9,132,Yes,1.09,186.8,Yes,114,18,0.2,10,0,15.34,88,9,183,0.68,No,38,-1.43,-18.88,99,95,94,2.74,54191,1527.2,10.9,121016.3,106.5,-40.7,26.7,195.5,A,196.9,NA,80,11,A-,35.7,29,31,20.7,-0.6,20.1,47,565.3,-40,27,60,NA,23.2,5122,Yes,-0.18,20,2978,NA,No,241,NA,No,No,No,2.51,0,No,280,1.5,60,15,NASDAQ,No,96,Yes,7.9,-,83,107252.4,38,200,170,19.6,Yes,Yes,97.9,-0.4,SOFTWARE,-13.2,NA,No,36,1832.7,No,No,No,189.3,-47.3,NA,-21.8,-6.8,2026-08-14,APPS,32,15,5,0,15,10,10,87,116,20,TRUE,TRUE,Momentum Leader
7757,HPE,Hewlett Packard Enterprise Co.,NA,2.5,2.3,2.3,63.44,10.3,1.1,1,2,827.8,65183825,06/15/2026,0,B+,No,Yes,No,No,No,39.6,14.3,1.1,1.08,26.63,7.65,11.74,67,209.58,15,-0.8,6.16,6.32,NA,19.4,22.8,5,9,Yes,No,21.3,49.1,33.9,25.2,13,2,0,27,0,Yes,No,144.4,58.71,Computer-Tech Services,NA,2.2,124,No,3.06,77.6,Yes,93,23,0.9,4.9,0,64.25,135,116,145,2.5,Yes,8,-1.86,-8.62,99,98,91,1.3,1078401,79213.9,6.26,1324203.5,89.3,-45.7,18.5,72,E,158.7,NA,85,125,A,47.8,76,18,21,7.2,16.1,15,34296,-7,40,-3,NA,29.2,22483,Yes,-1.11,110,11762,NA,No,2531,NA,No,No,No,2,0,Yes,108,1.1,33,14,New York Stock Exchange,No,97,Yes,3.07,-,93,1318622.5,7,-12,70.3,24.3,Yes,Yes,74.8,10.2,BUSINS SVC,10.3,NA,No,54,96067.7,No,No,No,175.4,-35.5,NA,0.2,5.8,2026-08-14,HPE,32,12,7,0,15,10,10,86,116,20,TRUE,TRUE,Momentum Leader
7125,ENVA,Enova International Inc.,NA,7.3,6.5,5.5,267.45,5.1,4.8,1,1,123.1,2072091,NA,0,B+,No,Yes,No,Yes,Yes,0.79,5.6,0,20.2,3.91,1.36,1.36,54,74.25,14,12.7,3.87,3.83,NA,18.4,17.6,27,22,Yes,Yes,42.7,32,33.3,40.1,16,13,35,33,24,No,No,68.9,265.45,Finance-Consumer Loans,NA,4.8,102,Yes,9.17,338.6,Yes,21,18,-15.1,8.8,0,267.45,79,40,64,15,Yes,21,1.35,-0.75,98,94,99,1.33,88002,6521.4,3.64,24898.4,57.3,-50.5,15.1,59.2,A,78,NA,95,25,B,8.8,34,24,16.6,2.7,7,24,3151.7,34,22,42,NA,19.5,394,Yes,3.53,34,193,NA,No,565,NA,No,No,No,1.92,0,Yes,33,1.7,30,19,New York Stock Exchange,Yes,97,Yes,4.41,-,100,23608.8,33,37,31.7,18,Yes,No,49,2.9,FINANCE,5.1,NA,Yes,69,10645.6,No,No,No,141.1,-44.5,NA,24.3,11.3,2026-08-14,ENVA,20,12,10,0,15,10,10,77,117,40,TRUE,TRUE,Momentum Leader
9066,PANW,Palo Alto Networks Inc.,NA,3,2.4,2.7,398.88,5.6,0,0,2,854.2,21000807,NA,0,A+,Yes,Yes,No,No,No,-0.92,37.6,0,0.81,73.35,2.84,2.84,95,1207.02,98,17.3,4.72,4.76,NA,18.6,19.4,21,16,No,Yes,18.4,17.5,19.6,19.9,9,36,22,20,17,No,No,108.6,384.27,Computer Sftwr-Security,NA,5.1,107,No,16.39,4.3,Yes,39,102,11.5,2.6,0,398.88,11,3,116,3.76,Yes,11,-2.96,-3.66,98,93,99,1.22,2246669,322740,4.36,815000,72.8,-36.6,8.9,61.3,A+,130.2,NA,88,4,A+,7.2,13,9,17.8,2.9,9.4,13,9221.5,28,31,18,NA,23,7077,Yes,-11.73,3,4353,NA,No,4319,NA,No,No,No,29.53,0,Yes,6,1.1,27,15,NASDAQ,No,97,Yes,11.29,Yes,96,806718.8,19,26,16.7,20.6,Yes,No,66.3,2.8,SOFTWARE,5.6,NA,No,43,312916.8,No,No,No,121.4,-40.2,NA,17.5,-5.9,2026-08-14,PANW,7,8,7,0,15,10,10,57,116.66666666666667,45,FALSE,TRUE,Momentum Leader
9406,RCRUY,Recruit Holdings Co. Ltd. ADR,NA,0,0,0,21.69,23.6,0,0,2,177.6,0,03/30/2026,0,A+,No,No,No,No,Yes,0.22,19.5,0.1,2.09,33.16,3.22,3.25,83,148.14,0,17.7,2.15,2.48,NA,5.7,5.8,-1,0,No,Yes,49.2,47.4,40.5,38.7,11,12,23,38,30,Yes,No,82.6,20.61,Comml Svcs-Staffing,NA,8.3,141,Yes,0.4,9,No,24,39,0,0,0,21.69,39,1,142,0.53,Yes,13,-3.42,-4.98,98,98,99,0.24,9281,143200.2,2.73,7362520.5,81.8,-23.7,31.8,109.5,A+,156.3,NA,97,2,A+,0,0,0,34.4,11.9,21.9,7,24535.8,11,8,24,NA,8.1,616,Yes,-0.73,0,406,NA,No,13,NA,Yes,No,No,6.07,0,Yes,58,1.7,55,5,US OTC,No,98,Yes,13.14,-,95,0,29,20,56.4,6.7,Yes,Yes,78.1,0,BUSINS SVC,23.6,NA,No,0,142272.5,No,No,No,73,-21.6,NA,31.8,19.4,2026-08-14,RCRUY,20,12,7,0,15,0,10,64,118.33333333333333,60,TRUE,FALSE,Momentum Leader
9502,RNG,RingCentral Inc. Cl A,NA,5.3,5,4,68.45,2.3,1.8,2,1,5573.4,7649444,08/05/2026,0,A+,No,Yes,No,No,No,-3.15,8.1,0.8,0.87,9.64,0.39,0.4,38,193.02,12,2.2,6.04,6.45,NA,5.1,5.2,12,7,Yes,Yes,17.6,18.5,18.6,18.2,20,34,18,19,0,No,No,123.3,64.49,Comp Sftwr - Enterprise,NA,0.9,132,No,3.06,0,Yes,114,14,-20,10.6,0,68.45,88,9,100,4.73,Yes,12,-4.85,-5.79,98,97,97,1.79,91021,5660,6.92,73736.6,75.2,-38.5,56.2,63.9,A,113.6,NA,90,11,A,4.8,15,11,41.2,2.9,17.7,70,2515.1,15,6,18,NA,5.6,1963,Yes,-3.29,13,1205,NA,No,575,NA,No,No,Yes,1.84,0,Yes,15,1.5,20,5,New York Stock Exchange,No,97,Yes,-8.82,Yes,94,72368.2,20,19,17.5,5.3,Yes,No,63.2,8.9,SOFTWARE,2.3,NA,No,80,6607.2,No,No,No,111.4,-28.4,NA,0,6,2026-08-14,RNG,10,8,7,0,15,10,10,60,117.33333333333333,30,FALSE,FALSE,Momentum Leader
9087,PBF,PBF Energy Inc.,NA,4.9,4.5,3.8,74.51,16.4,3.7,1,4,408,11042215,08/13/2026,0,B,No,No,No,No,Yes,2.31,9.3,1.8,1.33,-109.94,0,0,38,24.62,4,-0.8,6.24,6.55,NA,8.4,14.1,1,-10,Yes,No,67.3,297.6,239.5,173.5,15,-,-,-,-2,No,No,164.9,71.85,Oil&Gas-Refining/Mktg,NA,14.8,34,No,4.01,51.1,Yes,27,14,-14.5,10.9,0,74.74,14,25,94,5.31,No,0,-3.02,-3.87,98,98,96,0.81,166048,8814.4,6.74,118536.8,72.7,-5.6,18,76.8,A+,108,NA,72,1,A,49.9,499,-31,32.1,7.2,9.1,42,29332.3,-134,56,-6,NA,34,3009,Yes,-2.23,1619,2830,NA,No,565,NA,No,No,No,0.25,0,No,704,1.4,72,-11,New York Stock Exchange,No,98,Yes,1.33,-,96,100855.5,117,65,387.7,21.7,Yes,No,61,2.9,ENERGY,16.4,NA,No,58,10723.7,No,No,No,216.4,4.5,NA,-2.9,7.8,2026-08-14,PBF,35,15,5,0,15,10,10,90,117.33333333333333,20,TRUE,TRUE,Momentum Leader
7285,FET,Forum Energy Technologies Inc.,NA,4.3,4.6,4.3,86.25,15,0,0,2,131,737720,NA,0,B,No,No,No,No,Yes,0.9,14.8,0,2.19,14.41,0,0,82,0,19,2.1,5.22,5.75,NA,2.7,4.1,10,4,Yes,Yes,475.5,840.1,690.6,543.9,11,-,-,-,-3,Yes,No,131,85.36,Oil&Gas-Machinery/Equip,NA,8.7,11,No,3.4,75,Yes,23,37,-6.1,7.3,0,86.25,25,82,56,2.31,Yes,0,3.57,-1.03,98,99,95,0.83,11066,926.9,6.65,11246.3,71.5,-15.2,63.4,52.2,A-,70,NA,83,40,A-,105.3,526,22,49.4,9.2,28.8,28,791.5,48,13,173,NA,10.6,191,Yes,2.94,350,158,NA,No,279,NA,No,No,Yes,1.15,0,Yes,1260,1.5,1075,-3,New York Stock Exchange,Yes,98,Yes,3.32,-,100,10147.3,185,242,1167.5,7.3,Yes,No,54.4,7.3,ENERGY,15,NA,No,55,1128.9,No,No,No,269,5.9,NA,-3.2,5.5,2026-08-14,FET,30,15,10,0,15,10,10,90,117.33333333333333,25,TRUE,FALSE,Momentum Leader
6424,CAKE,Cheesecake Factory Inc.,NA,6.8,7.1,6.5,118.46,5.9,0,0,1,561,9542274,08/10/2026,0,A+,No,No,No,No,No,-5.94,28,1.1,0.59,18.27,0.77,0.8,72,115.09,25,4.3,3.83,3.94,NA,5.7,5.6,7,4,Yes,Yes,14,11.1,12.6,11.4,19,34,23,11,24,Yes,No,124.6,113.38,Retail-Restaurants,NA,1.8,101,No,3.62,433.9,Yes,56,27,-8.2,20.8,0,118.46,99,128,79,4.17,Yes,38,1.34,-4.29,98,98,94,1.06,142896,5567.2,4.01,49760.6,77.3,-12.4,40.9,94.5,E,93.3,NA,84,124,A,22.2,18,11,31.7,3.3,13.9,40,3751.8,28,8,10,NA,6.6,1650,Yes,1.5,24,1411,NA,No,462,NA,No,No,No,1.46,0,Yes,24,2.3,13,5,NASDAQ,No,98,Yes,10.87,-,96,45861.8,-4,17,18.5,5.9,Yes,Yes,64.4,1.1,RETAIL,5.9,NA,No,71,7481.3,No,No,No,78.9,16.6,NA,33.7,6.6,2026-08-14,CAKE,10,0,7,0,15,10,10,52,116.66666666666667,35,FALSE,FALSE,Momentum Leader
8246,LFST,LifeStance Health Group Inc.,NA,1.9,2.1,2.9,12.76,14.6,0,0,1,130.5,9571642,NA,0,C,No,No,No,No,No,3.21,25.3,0,1.38,33.24,0,0,95,365.63,55,0.9,4.42,4.4,NA,18.3,20.3,22,17,Yes,Yes,322.1,538.8,435.2,364.8,5,-,84,329,1,No,No,76.4,12.42,Medical-Hospitals,NA,10,43,No,0.48,27.3,Yes,10,108,37.9,4.2,0,12.76,127,114,63,0.11,Yes,0,1.64,-2.63,98,96,92,1.35,39864,4668.7,4.76,382055.6,60.8,37.2,15.1,57.4,D-,76.7,NA,83,123,A,83.2,736,32,20.8,10,11.4,-,1424.3,71,26,113,NA,23.6,3880,Yes,0.2,711,5187,NA,No,433,NA,No,No,Yes,2.99,0,Yes,700,1.9,716,14,NASDAQ,Yes,98,Yes,3.21,-,100,230066.9,200,124,708.2,21.6,Yes,Yes,52.4,14.6,MEDICAL,14.6,NA,No,75,4898.4,No,No,No,122.6,64.3,NA,0.7,5.4,2026-08-14,LFST,32,15,10,5,15,10,10,97,115.33333333333333,30,TRUE,TRUE,Breakout
6754,CRWD,CrowdStrike Holdings Inc. Cl A,NA,2.2,2.1,2.2,227.5,1.2,0,0,2,854.2,25560208,NA,0,A,Yes,Yes,No,No,Yes,0.33,77.7,0,1.45,134.87,3.3,3.3,98,0,166,-2.6,5.11,5.12,NA,22.4,23.1,37,27,Yes,Yes,6.5,20.9,13,6.1,19,64,24,9,-4,Yes,No,85.1,216.95,Computer Sftwr-Security,NA,5.1,107,No,10.08,18.1,Yes,39,211,3.9,2.6,0,227.5,11,3,88,1.03,Yes,34,-3.8,-4.64,97,90,99,1.63,1931205,229648,4.46,1018259.3,58.2,-45.6,3,49.6,A+,102,NA,92,4,A,3,32,26,14.4,0.6,7.9,4,4812,27,26,-5,NA,24.4,10567,Yes,-8.58,26,6750,NA,No,3325,NA,No,No,No,43.37,0,Yes,51,0.9,9,22,NASDAQ,No,94,Yes,47.67,Yes,96,996659.7,3,-11,29.7,23.7,Yes,Yes,54.3,6.2,SOFTWARE,1.2,NA,No,45,225238.1,No,No,No,104.3,-47.1,NA,-4.2,2,2026-08-14,CRWD,27,8,7,0,15,10,10,77,110.33333333333333,35,TRUE,TRUE,Pullback to 10SMA
6902,DGII,Digi International Inc.,NA,5.8,5.1,4.8,86.84,4.2,0,0,0,716.2,1836219,NA,0,A,No,Yes,No,No,No,7.07,22.1,0,1.13,29.76,0.61,0.61,79,251.84,28,11.6,4.56,4.7,NA,16.6,20.2,8,3,Yes,Yes,15.5,25,20.7,17.8,5,56,6,20,7,Yes,No,96.6,85.12,Computer-Networking,NA,0,97,No,3.33,26.4,Yes,17,34,-6.8,5,0,86.84,1,8,62,2.49,Yes,48,-0.02,-1.98,97,94,99,1.26,27476,3230.9,4.63,37948.1,56.9,-21.1,25.9,32.5,A,76.4,NA,93,24,A+,14.3,28,16,20.4,6.2,16.5,33,430.2,0,29,6,NA,27,391,Yes,-0.02,36,297,NA,No,425,NA,No,No,No,6.38,0,Yes,42,1.6,22,1,NASDAQ,No,96,Yes,4.71,-,99,36743.1,12,8,31.5,24,Yes,Yes,45.5,2.4,COMPUTER,4.2,NA,No,67,3384,No,No,No,159,-29.7,NA,6.7,11.3,2026-08-14,DGII,22,8,7,0,15,10,10,72,111.66666666666667,30,TRUE,TRUE,Momentum Leader
8164,KRT,Karat Packaging Inc.,NA,2.7,2.4,2.1,50.81,1.7,0,0,0,139.3,260922,08/20/2026,0.47,A+,No,Yes,No,No,Yes,0.56,13.7,3.9,2.25,28.59,1,1.26,57,69.64,26,9.2,3.84,4.09,NA,11.4,11.7,6,7,No,Yes,26.2,60,39.7,35,16,15,4,42,6,No,No,112.3,47.91,Containers/Packaging,NA,0,42,No,1.63,36.8,No,20,19,-9.5,3.1,0,50.81,122,38,72,2.53,Yes,17,0.17,-5.71,97,97,99,0.79,5070,953.3,4.35,19931.7,70.7,108.5,35.1,82.6,B,85.8,NA,90,57,A+,214.9,66,-16,31.9,5.1,12.8,50,467.7,-10,10,-2,NA,11.4,138,Yes,0.08,14,286,NA,No,204,NA,No,No,No,1.94,0,No,160,3.8,3,11,NASDAQ,No,97,Yes,5.73,-,94,8513.1,17,-21,81.3,12.2,Yes,Yes,60.4,10.3,MISC,1.7,NA,No,44,1003.9,No,No,No,88.3,49.1,NA,20.6,21.5,2026-08-14,KRT,25,15,5,10,15,10,10,90,117.66666666666667,50,TRUE,FALSE,Momentum Leader
8563,MPC,Marathon Petroleum Corp.,NA,3,2.7,3,360.1,19.2,3.7,1,4,408,6786536,08/18/2026,1,C-,Yes,Yes,No,No,No,5.73,8.3,1.3,1.25,13.18,1.18,1.34,37,46.68,8,5.3,3.46,3.54,NA,10.4,15.8,3,-3,Yes,Yes,363.9,743.7,573,457.6,12,10,-24,278,20,No,No,118.5,355.42,Oil&Gas-Refining/Mktg,NA,14.8,34,No,10.73,181.9,Yes,27,13,11.1,2.4,0,360.1,14,25,61,26.46,Yes,71,-0.27,-1.3,97,97,99,0.69,656689,100077.5,3.66,280824.8,55.5,-6.1,17.1,42.8,A+,74.9,NA,86,1,A+,24.3,353,-32,23.5,10,11.8,47,135222,-60,53,13,NA,31,2350,Yes,-0.95,529,2188,NA,No,2291,NA,No,No,No,0.64,0,Yes,348,1.6,1455,-4,New York Stock Exchange,Yes,97,Yes,5.27,-,100,0,429,61,901.3,20.6,Yes,Yes,46.2,6,ENERGY,19.2,NA,No,45,128483.3,No,No,No,119,32.4,NA,23.1,10,2026-08-14,MPC,35,15,10,0,15,10,10,95,112.66666666666667,35,FALSE,TRUE,Momentum Leader
8839,NTAP,NetApp Inc.,NA,4.6,3.7,3.8,209.06,9.3,0,0,1,3317,13189329,07/09/2026,0,A+,Yes,No,No,Yes,No,2.09,11.1,1.1,1.41,20.14,1.8,1.95,70,120.82,23,23.8,4.35,4.47,NA,4.9,5.2,2,3,Yes,Yes,8.6,15.5,11.5,10.6,12,13,13,12,79,Yes,No,93.4,207.08,Computer-Hardware/Perip,NA,2.6,4,Yes,7.75,199.2,Yes,38,25,4.5,6.7,0,209.06,5,27,88,8.15,Yes,4,1.02,-0.95,97,98,99,1.12,475512,40226.1,4.04,196234.3,65.9,-11.4,18.6,72.7,A+,102.2,NA,83,6,A+,7,41,11,21.7,6.1,14.1,48,6925,12,12,-12,NA,8.4,2829,Yes,2.09,36,2339,NA,No,2694,NA,No,No,Yes,5.87,0,Yes,26,1,11,5,NASDAQ,Yes,98,Yes,30.04,-,99,195499.1,10,-1,18.5,6.6,Yes,Yes,60.2,4.4,COMPUTER,9.3,NA,No,59,38798.1,No,No,No,89,-20.2,NA,106.7,20.7,2026-08-14,NTAP,20,8,10,0,15,10,10,73,118,40,TRUE,FALSE,Momentum Leader
9782,SN,SharkNinja Inc.,NA,4.3,3.8,4.5,191.22,-0.2,0,0,0,38.2,8058516,NA,0,A+,Yes,Yes,No,Yes,Yes,0.47,26.9,0,2.08,41.48,0,0,78,144.81,26,14.1,4.1,3.81,NA,17.1,17.4,0,22,No,Yes,22.6,31,29.3,30.7,7,-,42,31,30,No,No,65.4,185.1,Hsehold-Appliances/Wares,NA,0,29,No,6.11,31.3,Yes,13,32,19.8,9.4,0,191.22,125,2,27,5.78,No,0,-1.85,-3.2,97,94,99,1.59,259422,26567,4.04,140871.5,52.7,-18.7,23.5,73.5,A+,41.2,NA,94,7,A+,13.4,24,15,21.9,2.3,10.9,-,6399.2,36,22,21,NA,18.9,1776,Yes,-3.49,25,1389,NA,No,977,NA,No,No,No,3.77,0,Yes,30,1.2,25,16,New York Stock Exchange,Yes,95,Yes,9.17,-,97,86153.7,38,24,27.6,18.4,Yes,No,45.1,36.3,CONSUMER,-0.2,NA,No,74,26344.7,No,No,No,55.2,10.6,NA,30.4,7.3,2026-08-14,SN,20,12,10,0,15,10,10,77,116.66666666666667,55,FALSE,TRUE,Momentum Leader
10374,VLO,Valero Energy Corp.,NA,3.3,3.5,3.1,346.09,14.5,3.7,1,4,408,9101692,07/30/2026,0,B-,Yes,Yes,No,No,Yes,1.02,8.2,1.6,1.64,18.12,1.47,1.76,41,54.03,8,2.4,3.9,3.89,NA,7.8,13.1,2,-6,Yes,Yes,241.6,440.3,385.5,305.2,18,8,-27,358,8,No,No,109.9,341.67,Oil&Gas-Refining/Mktg,NA,14.8,34,No,11.62,43.6,Yes,27,14,-12.7,3.2,0,346.09,14,25,57,24.24,Yes,77,-0.36,-1.28,97,96,99,0.64,817995,98736.1,3.84,287927.5,51,-33.3,13.3,39.6,A+,70.7,NA,85,1,A+,24.1,293,-30,20.3,7.7,9.4,32,122687,-66,49,25,NA,27.9,3008,Yes,-1.25,328,1918,NA,No,2690,NA,No,No,Yes,0.71,0,Yes,450,1.2,374,-5,New York Stock Exchange,Yes,96,Yes,3.93,-,99,286770.1,497,221,412.1,18.2,Yes,Yes,40,5.1,ENERGY,14.5,NA,No,48,102064.4,No,No,No,151.6,-13.7,NA,9.7,8.3,2026-08-14,VLO,32,15,10,0,15,10,10,92,112.33333333333333,25,TRUE,TRUE,Momentum Leader
8952,OII,Oceaneering International Inc.,NA,5.4,6.4,5.3,53.1,8.8,0,0,2,147.5,6040613,NA,0,B-,No,Yes,No,No,Yes,0.94,18,0,2.18,15.86,0.49,0.49,72,57.46,25,10.3,4.64,4.81,NA,4,3.9,11,8,Yes,Yes,59.1,6.7,18.2,29.5,20,55,55,12,40,No,No,117.2,52.2,Oil&Gas-Field Services,NA,6.7,12,No,2.21,69.6,Yes,30,27,-17.6,6.2,0,53.98,10,112,44,1.93,Yes,18,1.66,-3.3,96,95,98,1.16,47550,5110.8,5.19,99529.6,51.8,-59.3,20.6,34.8,B-,57.5,NA,89,75,A-,38.3,4,16,20.8,4.2,7.5,36,2784.2,43,10,69,NA,6.3,1105,Yes,0.85,6,448,NA,No,548,NA,No,No,No,1.81,0,No,29,1.9,-30,5,New York Stock Exchange,No,96,Yes,4.46,Yes,100,97844.5,22,53,-0.8,2.1,Yes,No,38.5,2,ENERGY,8.8,NA,No,68,5255.3,No,No,No,133.7,-47.8,NA,39.6,8.5,2026-08-14,OII,15,0,5,0,15,10,10,55,111.33333333333333,45,TRUE,FALSE,Momentum Leader
8957,OKTA,Okta Inc. Cl A,NA,2.2,1.9,1.7,156.39,-0.6,0,0,2,854.2,6688238,NA,0,A,No,Yes,No,No,No,0.09,12,0,1.36,29.9,0.69,0.69,85,411.02,37,8.7,5.21,5.16,NA,11.7,11.8,25,15,No,Yes,21,14.5,17.5,20.5,15,60,80,17,4,No,No,70.5,147.43,Computer Sftwr-Security,NA,5.1,107,No,7.44,1,No,39,42,-11.1,4,0,157,11,3,55,3.54,Yes,30,-4.85,-6.1,96,87,98,1.54,428964,26931.4,4.64,166119.9,52.1,-17.6,-4.7,81.9,A+,69,NA,86,4,A,6.7,10,11,8.6,-0.3,2.4,39,2919,76,11,25,NA,11.4,3135,Yes,-7.52,6,2519,NA,No,1694,NA,No,No,No,8.17,0,No,6,0.9,15,12,NASDAQ,No,91,Yes,3.75,-,95,165178.6,22,26,10.6,11.5,Yes,No,46.7,4.7,SOFTWARE,-0.6,NA,No,68,23469.8,No,No,No,66.4,-35.8,NA,3.5,9.7,2026-08-14,OKTA,5,0,5,0,15,10,10,45,110.66666666666667,35,FALSE,FALSE,Pullback to 10SMA
9899,STGW,Stagwell Inc. Cl A,NA,6.3,6.1,5.4,9.55,-0.5,0,0,3,107.6,8196392,NA,0,A+,No,No,No,No,No,-6.59,14.1,0,0.81,8.29,0,0,20,589.43,8,2.4,4.58,4.45,NA,6.3,6.5,19,6,Yes,Yes,19.9,37.9,30.7,28.8,3,-,13,29,5,Yes,No,86.5,9.12,Comml Svcs-Advertising,NA,6,126,No,0.36,204.4,Yes,50,10,-11.8,7.6,0,9.55,116,49,71,0.96,Yes,0,-2.04,-4.5,96,91,97,1.22,11352,2276.1,4.56,244475.5,46.5,-49.2,20.2,49,B+,85,NA,91,44,A,32.6,34,11,19.6,0.2,9.2,74,2909,35,11,8,NA,9.6,1481,Yes,-0.19,27,734,NA,No,269,NA,No,No,No,0.73,0,Yes,47,1.9,42,2,NASDAQ,No,92,Yes,3.33,Yes,96,106212.4,25,9,44.4,7.2,Yes,Yes,38.6,1.5,BUSINS SVC,-0.5,NA,No,57,3787.1,No,No,No,64.9,-33.6,NA,5.3,-1,2026-08-14,STGW,20,12,7,0,15,10,10,74,109.66666666666667,15,TRUE,FALSE,Pullback to 10SMA
7023,EAT,Brinker International Inc.,NA,4.6,5.6,5.5,253.71,5.3,0,0,1,561,5408881,03/04/2020,0,A+,No,Yes,No,No,No,-4.05,16.3,0,0.45,13.46,0.63,0.63,64,82.42,18,10,4.74,4.65,NA,10.9,8.4,12,14,No,Yes,51.2,11.6,34.5,38.5,14,35,61,18,120,Yes,No,65.2,237.15,Retail-Restaurants,NA,1.8,101,Yes,9.3,363.8,Yes,56,22,-1.3,12.8,0,253.71,99,128,33,10.77,Yes,29,-0.61,-6.53,96,97,96,1.26,200110,10233.5,4.7,42887.8,53.7,-23.1,28,73.4,E,47.2,NA,91,124,A,-0.6,23,10,27.7,3.4,11.9,49,5807.4,117,5,21,NA,4.1,1075,Yes,-1.46,23,825,NA,No,603,NA,No,No,No,1.75,0,Yes,23,1.3,9,8,New York Stock Exchange,No,96,Yes,25.98,-,93,42343.4,3,103,16.2,5,Yes,No,47.5,-0.3,RETAIL,5.3,NA,No,79,11169.1,No,No,No,50,65.6,NA,119.6,8.5,2026-08-14,EAT,10,0,7,0,15,10,10,52,116.33333333333333,35,FALSE,FALSE,Momentum Leader
7885,IMAX,Imax Corp.,NA,5,6,5.9,54.27,9.1,0,0,2,356.4,7774261,NA,0,A-,No,Yes,No,No,Yes,1.66,19.6,0,2.09,23.11,0,0,78,276.16,29,15.4,4.27,4.63,NA,12.2,14.4,13,4,No,Yes,46.1,70.3,61.3,57.9,14,-,28,65,11,No,No,43.1,52.88,Leisure-Movies & Related,NA,10.5,139,No,2,74.5,Yes,19,32,-1.5,17.5,0,54.27,100,139,33,1.65,Yes,0,-0.71,-2.56,96,96,96,0.81,57448,2920.9,5.06,54842.1,37.8,-7.4,37.4,55.3,E,46.6,NA,96,127,A,41.1,22,14,21.8,3.6,12.3,67,410.2,1,12,53,NA,3,1315,Yes,-0.38,10,1238,NA,No,381,NA,No,No,No,6.97,0,Yes,65,1.6,31,16,New York Stock Exchange,Yes,94,Yes,8.15,-,99,44338.6,115,34,48.1,13.7,Yes,Yes,34.9,-0.8,LEISURE,9.1,NA,Yes,66,2953,No,No,No,106.1,5.9,NA,10.9,15,2026-08-14,IMAX,25,15,10,0,15,10,10,85,116,35,FALSE,FALSE,Momentum Leader
6748,CRSR,Corsair Gaming Inc.,NA,4,3.7,4.1,14.98,-9.5,0,0,1,3317,11756728,NA,0,A+,No,No,No,No,Yes,0.68,11.8,0,1.75,27.47,0,0,36,162.62,16,-0.8,7.4,7.76,NA,7.2,3.3,-5,1,No,No,448.3,810.8,638.3,533.5,17,-42,4,228,-2,Yes,No,118.7,12.99,Computer-Hardware/Perip,NA,2.6,4,No,0.81,26.5,Yes,38,13,9.2,25.3,0,14.98,5,27,77,0.99,Yes,0,-3.42,-13.27,96,96,95,1.9,21789,1455,8.37,108177,79.6,-25.9,34.6,76.5,A+,91.3,NA,81,6,A,227.6,44,-7,30.3,4.6,15.3,76,1472.5,-105,-2,2167,NA,-3,2128,Yes,-0.46,105,1546,NA,No,281,NA,No,No,No,0.97,0,No,2200,1.1,145,12,NASDAQ,No,97,Yes,2.11,Yes,87,46407.3,87,121,1172.7,-0.1,Yes,Yes,73,-1.7,COMPUTER,-9.5,NA,No,53,1546.9,No,No,No,46.3,-7.3,NA,-2,2.2,2026-08-14,CRSR,25,15,5,0,15,10,10,80,115.66666666666667,30,TRUE,FALSE,Momentum Leader
7655,HAE,Haemonetics Corp.,NA,3.1,2.8,3.4,92.25,3.4,0,0,0,420.8,2921809,NA,0,A+,No,No,No,No,Yes,2.3,15.4,0,3.08,14.66,1.01,1.01,55,167.48,17,9.6,3.83,3.5,NA,-0.4,0.6,9,3,Yes,Yes,12.8,5.9,7.8,7.8,32,18,13,8,12,No,No,13.3,90.8,Medical-Systems,NA,0,104,No,2.81,158.3,Yes,65,18,19.5,6.5,0,92.25,131,109,43,5.01,Yes,5,0.46,-1.57,96,94,92,0.73,66561,4112,3.5,45497.1,30.7,-37.4,22,59,D+,57.2,NA,75,108,A+,5.9,7,8,15.1,3.8,8.2,68,1334,15,6,9,NA,5.2,848,Yes,0.42,2,533,NA,No,562,NA,No,No,No,3.06,0,No,4,1.2,4,-2,New York Stock Exchange,No,95,No,4.93,Yes,98,44640.5,10,13,3.8,2.5,Yes,No,34.4,-1.1,MEDICAL,3.4,NA,No,66,5185,No,No,No,73.5,-15.4,NA,12,9.7,2026-08-14,HAE,0,0,5,0,15,10,10,40,114,30,FALSE,FALSE,Other
9352,QLYS,Qualys Inc.,NA,4.6,4.8,4.9,201.54,1.4,0,0,2,854.2,3730211,NA,0,A+,No,Yes,No,No,No,0.26,14.2,0,1.38,21.92,1.1,1.1,68,123.11,23,36.9,5.77,6.33,NA,10.3,10.3,13,10,No,Yes,16.1,17.2,17.7,16.3,16,22,18,17,38,No,No,40,186.05,Computer Sftwr-Security,NA,5.1,107,No,9.86,8,Yes,39,24,1.9,10.9,0,201.54,11,3,63,7.66,Yes,5,-5.02,-7.69,95,97,99,1.09,115736,6776.5,6.37,34595,53.2,-29.6,13.4,114.5,A+,77.3,NA,89,4,A+,11.2,11,8,30.2,2.9,15.9,57,669.1,16,11,15,NA,10.4,815,Yes,-9.83,5,566,NA,No,664,NA,No,No,No,9.16,0,Yes,18,1.3,17,10,NASDAQ,No,96,No,11.47,Yes,95,34220.5,17,19,17.3,10.3,Yes,No,61.5,-5.3,SOFTWARE,1.4,NA,No,70,6080.8,No,No,No,44,-29,NA,38.2,28.6,2026-08-14,QLYS,15,8,7,0,15,10,10,65,117,55,FALSE,FALSE,CANSLIM Growth
10207,TWLO,Twilio Inc. Cl A,NA,1.6,1.6,1.9,258.35,-1.3,1.8,2,1,5573.4,4308336,NA,0,A-,Yes,Yes,No,No,Yes,0.38,31.7,0,4.62,37.94,0.7,0.7,85,124.25,39,1.1,5.66,5.78,NA,16.9,17.8,15,11,Yes,Yes,31.7,29.4,27.7,29.5,88,61,58,29,0,No,No,67.5,238.2,Comp Sftwr - Enterprise,NA,0.9,132,No,11.95,13.4,Yes,114,43,18.9,2.8,0,258.35,88,9,97,5.55,Yes,31,-4.5,-7.8,95,89,99,1.67,482074,38304.7,6.03,153575.2,53.2,21.4,9.4,20.3,A,110.8,NA,94,11,A,11.1,21,15,15.1,5.5,13.9,20,5067.2,50,22,33,NA,21,2295,Yes,-11.22,17,2797,NA,No,1923,NA,No,No,No,6.56,0,No,24,1,32,14,New York Stock Exchange,No,91,Yes,4.07,Yes,92,152837.5,33,23,27.6,18.8,Yes,No,45.6,10.3,SOFTWARE,-1.3,NA,No,60,36485.7,No,No,No,136.2,26,NA,0.4,71.2,2026-08-14,TWLO,15,12,5,5,15,10,10,72,104.33333333333333,40,FALSE,TRUE,Momentum Leader
10330,VCTR,Victory Capital Holdings Inc. Cl A,NA,5.2,4.9,5.7,118.81,9.3,1.8,2,1,1163.9,2775451,09/09/2026,0.5,A+,No,Yes,No,Yes,Yes,5.49,11,1.8,2.07,20.36,1.62,1.99,47,81.06,14,33.1,3.33,3.44,NA,56.3,55.4,9,25,No,Yes,24.5,32.4,29.5,27.6,62,8,19,29,11,Yes,No,87.4,118.23,Finance-Investment Mgmt,NA,0.9,112,Yes,3.38,41.6,No,113,16,15.3,5.2,0,118.81,80,52,44,7.44,Yes,9,0.06,-0.48,95,96,99,1.22,49997,7268.6,3.31,61509.6,54.9,-24.9,21,34.5,A-,58.2,NA,95,33,A+,23.1,25,8,24.7,7.6,14,29,1306.1,19,24,19,NA,50.3,530,Yes,0.07,20,386,NA,No,484,NA,No,No,No,4.67,0,Yes,41,1.7,34,45,NASDAQ,Yes,97,Yes,3.06,-,100,52982.5,23,21,37.3,53.9,Yes,Yes,46.5,6.6,FINANCE,9.3,NA,No,51,8001.2,No,No,No,66.1,-5.1,NA,18.6,31.4,2026-08-14,VCTR,20,12,10,0,15,10,10,77,111.66666666666667,45,TRUE,FALSE,Momentum Leader
6556,CHEF,Chefs' Warehouse Inc.,NA,9.1,10.3,9.5,117.33,-1,0,0,0,830.3,5443279,NA,0,A,No,Yes,No,No,Yes,1.84,41.6,0,2.15,38.83,1.07,1.07,87,203.04,40,2.5,3.92,4.19,NA,10.6,11.1,25,11,Yes,Yes,44.9,44.5,43.1,40.5,25,43,22,39,13,No,No,75,109.08,Food - Packaged,NA,0,77,No,4.24,152.6,Yes,48,46,-7.8,14.8,0,117.33,82,115,45,2.36,Yes,45,-2.65,-7.03,95,85,95,0.97,57692,4571.2,4.3,40796.1,48.1,379.1,10.4,34.4,D+,59.4,NA,96,107,A-,32.3,32,21,11.4,-0.8,4.1,3,4149.5,16,13,29,NA,12.2,591,Yes,-2.97,17,2760,NA,No,470,NA,No,No,No,1.01,0,No,50,2.1,60,9,NASDAQ,No,92,Yes,6.86,-,97,36784.6,24,39,55,11.6,Yes,Yes,40.2,2.6,FOOD/BEV,-1,NA,No,64,5425.1,Yes,Yes,Yes,78,42.6,NA,12.7,2.9,2026-08-14,CHEF,20,12,5,10,15,10,10,82,106.66666666666667,35,TRUE,FALSE,Pullback to 10SMA
7229,EXPE,Expedia Group Inc.,NA,5.6,5,5,333.24,7.1,0,0,1,320,7840507,08/26/2026,0.48,A,Yes,Yes,No,Yes,No,-1.09,6.5,0.6,0.8,11.31,0,0,53,77.72,15,10.8,4.25,4.22,NA,11,12.2,15,8,No,Yes,103.1,161.3,126.9,105.7,4,-,30,45,82,No,No,17.4,332.69,Leisure-Travel Booking,NA,6.2,134,No,12.03,367.8,No,16,17,0,6.9,0,333.24,133,19,43,19.07,Yes,0,1.33,-0.17,94,97,99,1.36,426834,39403.4,4.45,114495.9,31.7,-12.4,24.9,53.2,A,56.4,NA,99,18,A+,10.4,31,16,23.5,5,12.5,73,14733,25,14,31,NA,14.3,1621,Yes,4.38,15,1334,NA,No,2577,NA,No,No,No,2.43,0,Yes,36,2,390,8,NASDAQ,No,95,No,33.02,-,101,113748.6,58,23,212.9,13.3,Yes,Yes,33.5,3.4,LEISURE,7.1,NA,No,57,38254.6,No,No,No,60.6,-30.3,NA,91.1,20.4,2026-08-14,EXPE,20,15,7,0,12,10,10,74,116.66666666666667,35,FALSE,FALSE,CANSLIM Growth
8718,NET,Cloudflare Inc. Cl A,NA,2.2,2.3,2.4,332.22,5.2,1.8,2,1,5573.4,8184226,NA,0,A,Yes,Yes,Yes,Yes,Yes,0.95,274,0,1.82,182.43,5.08,5.08,98,0,214,-10.4,5.69,5.83,NA,32.3,33.4,35,30,No,Yes,30.3,47.2,44.2,36.3,59,57,43,44,-8,No,No,60.2,315.78,Comp Sftwr - Enterprise,NA,0.9,132,No,16.13,147.8,Yes,114,290,1.8,2.6,0,332.22,88,9,47,1.09,Yes,13,-4.55,-4.95,94,96,99,2.23,993927,117801.8,5.82,322618.8,45,-10.1,12.1,58,A,61.2,NA,97,11,A+,8,36,33,20.1,4,10.2,1,2167.9,53,36,24,NA,34.7,3694,Yes,-15.05,27,3026,NA,No,2210,NA,No,No,No,40.55,0,Yes,38,1.3,56,30,New York Stock Exchange,No,95,Yes,69.38,-,95,319354.4,47,35,47.2,34.3,Yes,No,42.9,3.7,SOFTWARE,5.2,NA,No,59,117209.6,No,No,No,61.6,42.8,NA,-8.2,-24.4,2026-08-14,NET,22,12,7,0,12,10,10,73,116.33333333333333,20,FALSE,TRUE,Momentum Leader
9794,SNOW,Snowflake Inc.,NA,2.6,2.5,2.4,341.95,-0.5,1.8,2,1,5573.4,18948362,NA,0,A+,Yes,Yes,No,Yes,No,3.03,40.1,0,1,90.85,0,0,98,0,155,-28,5.18,4.85,NA,30,31,43,30,Yes,Yes,49.3,48.1,59.7,62,27,-,33,49,-54,No,No,49.9,328.92,Comp Sftwr - Enterprise,NA,0.9,132,No,13.7,139.9,Yes,114,233,-4.8,5.6,0,341.95,88,9,67,1.41,Yes,0,-2.51,-3.81,94,95,99,1.78,1615917,116935.9,4.84,346600,53.4,-53.7,19.2,118.2,A,80.4,NA,94,11,A+,22.2,55,41,21.8,1,9.8,4,4683.9,-15,33,51,NA,31.8,5956,Yes,-8.46,28,2582,NA,No,2437,NA,No,No,Yes,22.65,0,Yes,63,1.3,7,29,New York Stock Exchange,No,96,No,58.77,-,96,335394.8,75,94,34.6,30.8,Yes,Yes,60.3,7.4,SOFTWARE,-0.5,NA,No,47,113872.8,No,No,No,68.8,-42.6,NA,-54.1,-21.3,2026-08-14,SNOW,27,12,7,0,12,10,10,78,116,15,TRUE,TRUE,Pullback to 10SMA
9306,PSX,Phillips 66,NA,3.1,3.1,2.9,236.14,14.6,3.7,1,4,408,7381797,08/17/2026,1.27,C-,No,No,No,No,Yes,4.48,13.4,2.5,1.32,19.21,0,0,47,50.24,9,4.1,3.27,3.38,NA,10.1,15.9,4,-4,Yes,Yes,345.9,732.2,555,444.6,14,-,-30,337,10,No,No,81,233.61,Oil&Gas-Refining/Mktg,NA,14.8,34,No,6.83,68.7,Yes,27,16,-5.9,1.9,0,236.14,14,25,32,14.89,Yes,0,0.43,-1.07,94,95,98,0.67,500110,92816.3,3.4,399020.9,42.2,-6.1,16,36.2,A+,46.2,NA,78,1,A+,25.5,287,-14,20.9,8.4,10.2,16,132189,-61,53,5,NA,32.4,2678,Yes,1,274,2654,NA,No,2242,NA,No,No,No,0.61,0,Yes,295,1.3,154,-8,New York Stock Exchange,Yes,94,Yes,2.96,-,100,398545,1747,24,224.9,21.9,Yes,Yes,34.4,2.7,ENERGY,14.6,NA,No,45,110481.2,No,No,No,90.3,6,NA,15.6,7.6,2026-08-14,PSX,35,15,10,0,12,10,10,92,110.66666666666667,30,FALSE,TRUE,Momentum Leader
6597,CLBK,Columbia Financial Inc.,NA,10.9,10.5,4.7,11.84,8.8,0,0,33,542.5,19995956,NA,0,A,No,No,No,No,Yes,-0.15,33.6,1.9,0.14,38.61,0,0,79,170.17,39,13.4,2.6,2.83,NA,55.3,64.1,-5,1,No,No,366.7,131.5,139.1,143.4,171,-30,-38,245,5,No,No,66.9,11.79,Banks-Regional,NA,12.3,68,No,0.3,57.7,Yes,269,33,-54.6,30.4,0,11.84,74,46,27,0.35,No,0,0.68,-0.42,94,93,97,0.63,56147,3156.4,2.92,269545.1,39.8,-98.3,21.3,31.7,A-,40.9,NA,73,37,A+,114.7,14,21,16.6,6.3,7.1,4,258.7,-122,15,594,NA,14.8,5205,Yes,0.08,-10,4168,NA,No,231,NA,No,No,No,11.48,0,Yes,161,1.3,61,13,NASDAQ,Yes,94,Yes,2.26,-,100,96516.8,172,162,111.1,77.5,Yes,Yes,33.2,-0.4,BANKS,8.8,NA,No,10,4015.7,No,No,No,75,38.4,NA,4.6,10.9,2026-08-14,CLBK,30,15,10,0,12,7,10,84,109.66666666666667,15,TRUE,FALSE,Momentum Leader
9369,QUAD,Quad/Graphics Inc.,NA,6.5,8,7.1,11.14,-2.4,1.9,1,0,579.1,1468239,08/16/2026,0.1,A,No,No,No,No,No,-8.45,17.5,3.7,0.87,5.17,0.38,0.45,16,58.89,7,1.3,4.12,4.64,NA,-8.1,-7.6,-5,-9,Yes,Yes,38.7,32.1,28.9,26.5,11,19,59,19,20,Yes,No,58.5,9.94,Media,NA,0,114,Yes,0.43,290.4,Yes,54,9,-11.5,5,0,11.14,94,102,38,1.16,Yes,40,1.33,-10.81,94,90,93,0.99,2381,505.2,5.39,38199.3,40.3,233.5,18.9,36.2,B,52,NA,95,68,B,21.5,30,14,15.5,-1.6,5.2,81,2419.9,63,1,19,NA,-3.4,264,Yes,0.13,23,865,NA,No,213,NA,No,No,No,0.16,0,No,71,1.5,25,-9,New York Stock Exchange,No,93,Yes,4.11,-,98,29218.1,0,19,48.2,-5.9,Yes,Yes,33,1.4,MEDIA,-2.4,NA,No,38,887.5,Yes,Yes,No,54.1,99.1,NA,30.3,0.6,2026-08-14,QUAD,20,12,5,10,12,10,10,79,107.33333333333333,35,TRUE,FALSE,Pullback to 10SMA
9271,PRLB,Proto Labs Inc.,NA,3.2,2.9,3,93,3.3,1.5,1,1,737.9,675490,NA,0,B,No,Yes,No,No,Yes,0.01,32.6,0,3.64,29.9,22.41,22.41,86,276.71,40,5.8,4.15,4.27,NA,9.7,10.2,3,4,No,Yes,19.4,41.9,31.4,26.7,49,2,9,30,3,No,No,81.6,91.87,Machinery-Gen Industrial,NA,1.5,45,Yes,3.36,0.2,Yes,65,45,3.3,2.9,0,93,110,54,22,2.05,Yes,10,-0.49,-1.22,94,91,92,1.36,18075,2208.5,4.61,23921.9,44,-38.2,19.3,26.6,D,36.1,NA,90,110,A-,13.2,33,8,15.3,3.1,11.1,10,533.1,3,11,2,NA,10.5,230,Yes,-0.45,27,141,NA,No,449,NA,No,No,No,3.92,0,Yes,46,1.4,64,6,New York Stock Exchange,Yes,92,Yes,3.18,-,99,23559,16,0,55,11,Yes,Yes,35,4.2,MACHINE,3.3,NA,No,58,2047,No,No,No,92,-25.3,NA,3.2,6.1,2026-08-14,PRLB,20,12,10,0,12,10,10,74,102.33333333333333,40,TRUE,FALSE,Momentum Leader
7478,GCBC,Greene County Bancorp Inc.,NA,4.5,4.7,4.4,35.88,1.2,0,0,1,25.9,206228,08/13/2026,0,A,No,Yes,No,No,Yes,-0.02,13.2,1.3,0.63,0,2,2.42,42,54.62,0,32.1,3.93,3.25,NA,10,9.7,18,14,No,Yes,34.5,29.8,32.8,34,16,6,15,32,13,No,No,57.3,34.97,Banks-Savings & Loan,NA,4.8,44,Yes,1.09,13,Yes,21,15,-5.5,3,0,36.02,66,43,33,2.41,Yes,13,0.34,-2.92,93,84,99,0.67,1597,595.2,2.9,17025.5,37.5,-78.4,8,40.2,B+,47.1,NA,87,41,A-,0,0,0,8.6,0.7,3.1,53,145.8,26,8,32,NA,7.9,51,Yes,0.12,0,11,NA,No,144,NA,No,No,Yes,4.08,0,Yes,21,1.9,31,10,NASDAQ,No,90,Yes,2.14,Yes,97,6915.7,37,42,26.1,8.6,No,Yes,32.9,1.4,BANKS,1.2,NA,No,22,743.7,No,No,No,43.1,-54,NA,15.9,30.4,2026-08-14,GCBC,10,12,7,0,12,10,10,61,104,45,FALSE,FALSE,Pullback to 10SMA
8325,LQDT,Liquidity Services Inc.,NA,4.7,5.1,5.2,43.82,3.4,1.7,1,0,3718.3,1012903,NA,0,C,No,Yes,No,No,Yes,0.12,11.9,0,1.57,21.1,2.14,2.14,73,158.83,25,8.3,3.44,3.86,NA,9.9,5.3,16,21,Yes,Yes,21.4,28.2,25,22.7,33,13,23,25,15,No,No,43.4,43.47,Retail-Internet,NA,0,130,Yes,1.51,4.4,Yes,60,28,0.5,4.5,0,43.82,56,45,28,1.56,Yes,12,1.23,-0.8,93,88,99,0.97,8510,1345.4,4.29,31331.6,31.6,-50.4,11.7,30.4,B,41.5,NA,94,62,A-,30.4,29,12,11.7,5.7,9.2,33,476.7,11,8,24,NA,5.9,220,Yes,0.53,20,106,NA,No,355,NA,No,No,No,2.78,0,Yes,32,1.3,13,31,NASDAQ,Yes,90,Yes,5.77,-,100,22663.9,39,16,22.6,3.6,Yes,Yes,25.3,8.2,RETAIL,3.4,NA,No,61,1179,No,No,No,65.8,-1.6,NA,14.6,8.1,2026-08-14,LQDT,15,12,10,0,12,10,10,69,108.33333333333333,45,TRUE,FALSE,Momentum Leader
9047,P,Everpure Inc.,NA,2.9,2.9,3,118.81,31.2,0,0,1,3317,10020364,NA,0,A,Yes,Yes,No,No,No,0.19,45.4,0,1.54,46.16,1.36,1.36,89,663.04,46,6.1,6.15,6.46,NA,19.3,21.1,14,12,Yes,Yes,18.3,43.8,32.3,24,13,40,16,32,14,Yes,No,76.3,118.16,Computer-Hardware/Perip,NA,2.6,4,No,5.18,12.1,Yes,38,54,4.5,3.2,0,118.81,5,27,46,2.17,Yes,40,0.69,-0.55,93,99,99,1.62,233818,39007.7,6.34,332404.9,58.5,30.4,53.4,41,A+,60,NA,95,6,A+,18.2,18,26,50.2,20.6,38.9,24,3662.8,19,35,20,NA,27.8,2967,Yes,0.81,34,3544,NA,No,1612,NA,No,No,No,9.98,0,Yes,62,1.3,53,16,New York Stock Exchange,Yes,99,No,27.21,-,99,314647.3,16,-2,57.7,23.9,Yes,Yes,61.8,-1,COMPUTER,31.2,NA,No,53,35699.2,No,No,No,104.3,62.4,NA,13.7,2.3,2026-08-14,P,27,12,10,0,12,10,10,81,112,45,TRUE,TRUE,Earnings Accelerator
9417,RDVT,Red Violet Inc.,NA,5.3,4.5,3.2,74.2,6.6,4.5,1,2,300.4,597564,NA,0,A-,No,Yes,No,No,Yes,0.04,26,0,10.88,34.23,0,0,86,234.57,43,16.1,4.8,4.86,NA,19,20.2,20,21,No,Yes,63.1,83.8,82.1,65.7,19,-,39,66,14,No,No,22.5,69.78,Comml Svcs-Outsourcing,NA,9.1,127,No,3.24,2.4,Yes,22,45,-28.3,5.2,0,74.2,93,28,54,1.56,Yes,0,-5.37,-5.95,93,87,99,1.09,13896,1183.3,5,16047,36.3,48.8,2,53.7,A,67.5,NA,97,26,A+,50.1,26,5,10.7,1.3,4.3,11,90.3,-14,23,59,NA,20,221,Yes,-3.96,6,319,NA,No,222,NA,No,No,No,11.31,0,No,79,1.1,39,20,NASDAQ,No,93,No,8.82,-,94,12989.3,133,77,59,19.9,Yes,Yes,39.6,-2.2,BUSINS SVC,6.6,NA,No,42,1064.4,No,No,No,59.6,71.5,NA,14,18.6,2026-08-14,RDVT,25,15,5,5,12,10,10,82,113,50,FALSE,TRUE,Pullback to 10SMA
9922,STT,State Street Corp.,NA,2.2,2.3,2,192.01,3.8,1.8,2,1,1163.9,4853653,09/30/2026,0.92,C-,Yes,Yes,No,Yes,Yes,0.16,-18.9,2,4.29,10.37,1.31,1.57,47,63.32,13,17.3,2.6,2.55,NA,11.4,12.1,4,4,Yes,Yes,26.5,32.6,30.2,27.7,79,10,17,29,8,Yes,No,48.6,191.74,Finance-Investment Mgmt,NA,0.9,112,Yes,4.64,90.4,Yes,113,16,-10,1.8,0,192.51,80,52,36,12.24,Yes,7,1,-0.4,93,85,99,1.15,401026,52152.1,2.46,274701.8,33.6,-58.6,4.4,24.7,A-,49.8,NA,93,33,A,9.4,32,12,8.1,2.5,3.7,30,13944,14,17,19,NA,16.1,2307,Yes,1.89,30,1125,NA,No,2573,NA,No,No,No,3.5,0,Yes,44,1.1,39,2,New York Stock Exchange,No,91,Yes,2.13,-,100,273390,14,23,41.7,13.3,Yes,Yes,27.5,5,FINANCE,3.8,NA,No,52,78458.6,No,No,No,68.8,-48.6,NA,11.1,19.1,2026-08-14,STT,20,12,7,0,12,10,10,71,99.33333333333333,35,TRUE,FALSE,Momentum Leader
10039,TENB,Tenable Holdings Ltd.,NA,3.2,3.1,2.9,40.19,5.4,0,0,2,854.2,10628539,NA,0,A,No,Yes,No,No,No,-2.88,16.9,0,0.72,17.26,0.4,0.4,60,2528.43,19,-2.3,6.63,6.92,NA,10.3,10,16,12,No,Yes,30.4,32.5,32.2,27.7,7,51,44,30,-10,Yes,No,62.9,38.33,Computer Sftwr-Security,NA,5.1,107,No,2.53,124.1,No,39,20,-5.8,9.8,0,43.67,11,3,56,1.88,Yes,26,-4.25,-12.23,93,91,98,1.24,118266,4408.9,6.73,110140,50.2,-45.6,-10.1,87.4,A+,70,NA,95,4,A,8.3,25,10,13.5,3.8,9,61,999.4,61,9,23,NA,9.1,3515,Yes,-1.7,21,1868,NA,No,463,NA,No,No,No,4.05,0,No,50,1.3,31,11,NASDAQ,No,95,No,21.34,Yes,96,108558.5,17,31,40.3,9.6,Yes,Yes,51.3,-2.3,SOFTWARE,5.4,NA,No,75,4090.2,No,No,No,31.7,-39.7,NA,-9.9,1.4,2026-08-14,TENB,15,12,5,0,12,10,10,64,114,15,TRUE,FALSE,CANSLIM Growth
5947,ARMK,Aramark,NA,3.6,3.5,3.7,62.65,11.5,4.5,1,2,300.4,9359966,08/19/2026,0.12,D,No,No,No,No,No,10.94,48.7,0.9,1.28,18.11,0.77,0.79,75,164.56,24,2.3,2.09,2.15,NA,9.1,9.9,9,1,No,Yes,20.5,23.7,19.2,21.2,8,38,8,16,8,No,No,69.3,62.39,Comml Svcs-Outsourcing,NA,9.1,127,No,1.22,178.8,No,22,30,5.3,3.6,0,62.65,93,28,46,2.08,Yes,38,2.09,-0.41,93,89,97,0.94,144584,16110.1,2.25,263625,38.5,16.5,7.6,18.4,A,60.1,NA,84,26,B+,7.3,24,23,10.9,7.2,8.4,28,18506.3,-9,9,19,NA,10.5,2591,Yes,1.28,32,2923,NA,No,767,NA,No,No,No,0.83,0,Yes,30,0.9,41,6,New York Stock Exchange,Yes,93,Yes,4.84,-,101,261372.9,0,6,35.6,9,Yes,Yes,31.3,3.6,BUSINS SVC,11.5,NA,No,66,21125,No,No,No,57.3,64.3,NA,10.6,1.9,2026-08-14,ARMK,15,8,10,0,12,10,10,65,103,30,TRUE,FALSE,CANSLIM Growth
7237,FA,First Advantage Corp.,NA,10.5,8.5,6.5,25.15,-10.1,0,0,2,177.6,11765424,NA,0,A+,No,Yes,No,No,Yes,6.28,25.2,0,2.53,19.16,1.05,1.05,54,567.13,16,-2.4,5.23,5.68,NA,55.5,41.4,19,37,No,Yes,32.2,49.7,41.2,38.6,14,17,3,40,-3,No,No,48.5,21.58,Comml Svcs-Staffing,NA,8.3,141,No,1.19,158.8,Yes,24,18,-23.6,15.1,0,25.15,39,1,114,1.21,Yes,52,-2.79,-14.19,93,84,97,1.03,44892,3812.9,6.08,171753.7,46.9,54.1,2,46.1,A+,127.4,NA,89,2,A-,20.1,23,18,11.6,-1.6,1.6,60,1574.4,-18,15,27,NA,11.8,2314,Yes,-0.62,14,3465,NA,No,343,NA,No,No,No,2.23,0,No,30,1.4,53,83,NASDAQ,No,94,Yes,2.86,-,90,77715.4,67,15,41.3,20.1,Yes,Yes,44.6,10.6,BUSINS SVC,-10.1,NA,No,99,5454.2,No,No,No,28.3,109.6,NA,-2.7,3.8,2026-08-14,FA,20,12,5,5,12,10,10,74,106.33333333333333,25,FALSE,FALSE,Momentum Leader
7482,GCT,GigaCloud Technology Inc.,NA,5,6.3,6.5,56.27,-2.6,1.1,1,2,827.8,4433182,NA,0,A+,No,Yes,No,No,Yes,1.05,8,0,2.09,10.4,0,0,32,47.31,11,12.5,5.1,5.22,NA,19.2,23,0,37,No,Yes,26.9,39.1,29.6,31.7,44,-,39,30,31,No,No,32.1,51.87,Computer-Tech Services,NA,2.2,124,No,2.16,76,No,93,12,4.1,16.2,0,56.27,135,116,33,4.23,Yes,0,-2.56,-7.82,93,95,96,1.31,27458,1900.9,5.76,28839.6,32.4,-18,46.5,40,E,47.2,NA,95,125,A+,28.9,22,10,35.8,3.1,16.6,52,1289.9,33,28,18,NA,29.9,715,Yes,-1.36,8,573,NA,No,408,NA,No,No,No,1.02,0,No,27,2,53,11,NASDAQ,No,88,No,3.52,-,97,27312.3,37,1,40.2,27.5,Yes,No,28.9,4.1,BUSINS SVC,-2.6,NA,No,52,1897.7,No,No,No,62.4,-25.1,NA,30.8,10.3,2026-08-14,GCT,22,12,5,0,12,10,10,71,109.66666666666667,45,FALSE,TRUE,CANSLIM Growth
8439,MDB,MongoDB Inc.,NA,1.8,1.3,1.3,473.1,15.4,5,1,2,536.4,2598807,NA,0,A+,No,Yes,Yes,No,Yes,0.02,30.6,0,4.74,74.04,1.53,1.53,94,0,72,-2.3,5.98,5.74,NA,23.2,23.6,31,22,No,Yes,43.7,24.9,29.4,42.7,18,57,43,27,-2,Yes,No,9.7,460.33,Computer Sftwr-Database,NA,10,125,No,20.09,1.6,No,20,87,-2.9,3.4,0,473.1,52,121,11,5.29,Yes,17,-2.53,-2.7,93,98,96,2.06,539483,37987.2,5.67,80431.9,36.3,4.3,33.6,51.9,C,25,NA,93,95,A+,10.8,23,20,31.8,12,27.9,13,2463.8,10,25,36,NA,26,1552,Yes,-11.96,61,1576,NA,No,2102,NA,No,No,No,14.23,0,No,32,1,29,23,NASDAQ,No,96,No,12.63,-,97,77258.4,14,43,30.5,23.6,Yes,No,43,5.4,SOFTWARE,15.4,NA,Yes,63,32891.1,No,No,No,125.2,-9.6,NA,-2.5,0.6,2026-08-14,MDB,20,8,5,0,12,10,10,65,115.66666666666667,40,TRUE,TRUE,Earnings Accelerator
7320,FIVN,Five9 Inc.,NA,2.4,2.5,3.1,34.58,-2.9,1.8,2,1,5573.4,9265315,NA,0,A+,No,No,No,No,Yes,1.18,9.4,0,3.74,12.84,0.4,0.4,25,179.36,9,3.9,6.85,7.12,NA,9.6,8.9,17,13,Yes,Yes,17.9,5.3,8.1,15.7,83,27,20,8,6,No,No,64.6,33,Comp Sftwr - Enterprise,NA,0.9,132,No,1.89,99.7,Yes,114,11,25.8,13,0,34.58,88,9,83,3.04,Yes,6,-2.37,-4.57,93,97,95,1.49,76584,2525.7,7.59,74723.5,61.7,-43.8,29,59,A,97,NA,79,11,A+,2.8,10,18,32.6,4.5,16.4,76,1149.1,20,10,20,NA,9.7,3014,Yes,-0.8,2,1627,NA,No,438,NA,No,No,No,2.05,0,Yes,-8,1.1,23,10,NASDAQ,No,97,No,3.14,Yes,95,71418,1,16,7.3,9.1,Yes,No,62.1,2.3,SOFTWARE,-2.9,NA,Yes,76,2439.6,No,No,No,31.3,-34,NA,5.6,1.1,2026-08-14,FIVN,0,0,7,0,12,10,10,39,115,20,FALSE,FALSE,Other
8831,NSIT,Insight Enterprises Inc.,NA,2.7,2.6,3.1,157.35,3.3,1.1,1,2,827.8,1400414,NA,0,A+,No,No,No,No,No,1.05,12.7,0,1.18,16.42,1.41,1.41,34,86.1,12,2.7,4.72,4.53,NA,1.5,2.7,-4,-5,Yes,Yes,17.7,36.2,29.9,23.8,15,9,5,29,9,Yes,No,89.3,154.25,Computer-Tech Services,NA,2.2,124,No,5.76,83.8,Yes,93,13,17.8,4.8,0,157.35,135,116,67,12.13,Yes,8,-1.5,-1.97,93,97,88,0.86,57938,4596,4.53,29348.8,65.3,-48.8,28.8,72.6,E,81.2,NA,89,125,A+,31.8,27,6,26.3,4.3,15.4,48,8247.2,0,15,2,NA,7.9,465,Yes,-2.35,17,233,NA,No,557,NA,No,No,No,0.53,0,Yes,58,2.1,40,-5,NASDAQ,No,97,Yes,2.84,Yes,98,28949.6,11,11,48.7,4.9,Yes,Yes,61.8,1.1,BUSINS SVC,3.3,NA,Yes,66,5807,No,No,No,16.3,-38.2,NA,9.2,3.2,2026-08-14,NSIT,25,12,7,0,12,10,10,76,112.66666666666667,20,TRUE,FALSE,Momentum Leader
10489,WHD,Cactus Inc. Cl A,NA,4.6,4.5,4.1,74.04,7.9,0,0,2,131,3252173,08/30/2026,0.15,B+,No,No,No,No,Yes,0.04,11.7,0.9,2.59,19.75,0.62,0.64,69,238.25,23,24.2,3.9,3.89,NA,16.6,22.2,28,7,Yes,Yes,-1.3,9.4,3.3,-1.1,15,39,-1,0,12,Yes,No,60.4,73.28,Oil&Gas-Machinery/Equip,NA,8.7,11,No,2.22,2.1,Yes,23,25,-10.7,4.7,0,74.04,25,82,15,2.95,Yes,41,1.72,-1.03,92,95,99,1.14,48364,5776.1,4.23,69733.2,39.4,-49,39.3,26.7,A-,28.7,NA,84,40,A+,45.9,9,21,26.9,5.6,17.4,44,1079.1,-4,64,-12,NA,51.4,842,Yes,1.24,12,428,NA,No,553,NA,No,No,No,3.75,0,Yes,41,1,-4,-4,New York Stock Exchange,Yes,93,Yes,4.11,Yes,101,69260.5,-8,-15,18.4,32.9,Yes,Yes,32.5,-1.8,ENERGY,7.9,NA,No,79,4566.7,No,No,No,81.2,5.4,NA,14.5,10.9,2026-08-14,WHD,25,0,10,0,12,10,10,67,105.33333333333333,50,TRUE,TRUE,Momentum Leader
5823,AMAL,Amalgamated Financial Corp.,NA,6.4,6.7,6.1,51.59,2.5,0,0,33,542.5,953270,08/03/2026,0,B,No,No,No,No,No,-0.01,8.2,1.4,0.04,11.43,0.69,0.75,38,51.48,12,30.8,2.52,2.37,NA,10.1,11.2,12,7,Yes,Yes,5.9,8.6,6.5,5.9,23,18,8,5,12,No,No,59.4,51.06,Banks-Regional,NA,12.3,68,No,1.13,9.1,Yes,269,13,-9.2,5.4,0,51.59,74,46,9,3.8,Yes,12,-0.04,-1.03,92,82,98,0.74,7466,1527.3,2.24,29900.1,30.5,-6.5,10,26.3,A-,23.4,NA,76,37,A-,10,10,15,8.8,1.7,3.5,34,336.2,18,17,5,NA,15.8,162,Yes,-0.02,21,146,NA,No,357,NA,No,No,No,4.22,0,Yes,25,1.8,-9,5,NASDAQ,No,85,Yes,1.83,-,99,17741.8,10,0,8,12.7,Yes,Yes,21.4,1.7,BANKS,2.5,NA,No,63,1604.6,No,No,No,73.4,-29.3,NA,13.9,26.9,2026-08-14,AMAL,15,0,7,0,12,10,10,54,97.66666666666667,35,FALSE,FALSE,Pullback to 10SMA
7674,HBT,HBT Financial Inc.,NA,3.8,3.6,4.3,37.51,2.3,0,0,33,542.5,751019,08/10/2026,0,A+,No,No,No,No,No,-0.03,17.4,2.8,0.05,14.12,1.39,1.93,38,60.78,12,35.6,2.63,2.65,NA,13.2,15.5,11,6,Yes,Yes,10.4,12.8,11.3,11.1,45,7,3,11,9,Yes,No,43.9,37.19,Banks-Regional,NA,12.3,68,No,0.9,10.6,Yes,269,14,19.5,4.4,0,37.51,74,46,14,2.75,Yes,5,-0.08,-0.85,92,90,98,0.64,5816,1353.5,2.69,36365.6,31.6,-26.4,17.1,35.4,A-,28.1,NA,72,37,A+,6.3,21,14,13.2,2.3,5.6,33,237.1,-4,38,6,NA,26.8,182,Yes,-0.03,21,130,NA,No,243,NA,No,No,No,5.04,0,Yes,24,3,11,2,NASDAQ,No,90,Yes,1.77,-,99,16981.4,3,7,17.6,18.7,Yes,Yes,26.6,0,BANKS,2.3,NA,No,32,1366.7,No,No,No,46.8,-19.1,NA,13.3,27.8,2026-08-14,HBT,17,0,7,0,12,10,10,56,108.33333333333333,35,FALSE,TRUE,Momentum Leader
9583,SAFT,Safety Insurance Group Inc.,NA,2.9,2.6,1.6,103.75,-0.1,0.8,1,5,2392.3,346834,08/31/2026,0.92,A,No,Yes,No,No,No,-0.25,6.5,3.6,0.65,7.84,0,0,68,84.11,0,9.4,2.48,2.71,NA,3.3,1.7,13,13,No,No,7.8,-16.1,-3.4,1.9,29,-9,56,-18,2,No,No,32.7,103.35,Insurance,NA,3.9,105,Yes,2.05,6.1,No,129,24,-39.5,2.4,0,103.75,73,60,16,4.37,No,71,-0.22,-0.39,92,92,96,0.29,21279,1520.6,2.91,14680.5,34,-21.8,38.1,45.3,B,30.3,NA,87,64,B+,1.5,-18,42,24.6,-0.1,7.4,9,1278.6,395,-1,39,NA,-0.4,235,Yes,-0.23,38,179,NA,No,351,NA,No,No,No,1.19,0,No,40,1.5,-156,13,NASDAQ,No,91,Yes,1.73,-,100,14353.9,68,35,-58.1,0.6,No,No,33.2,0.9,INSURANCE,-0.1,NA,No,51,1507.7,No,No,No,38.9,-45.5,NA,11.5,10.6,2026-08-14,SAFT,15,0,5,0,12,10,10,52,108.33333333333333,40,TRUE,FALSE,Momentum Leader
10246,UFPT,UFP Technologies Inc.,NA,6.1,5.5,5.8,338.71,2.5,0,0,0,139.3,1178774,NA,0,A,No,No,No,No,Yes,0.99,35.7,0,3,27.32,0.89,0.89,80,132.09,32,13.7,4.68,4.97,NA,13.2,7.2,28,21,Yes,Yes,10.1,-3.5,-5.6,2.4,17,39,21,-6,18,No,No,44.9,321.76,Containers/Packaging,NA,0,42,No,13.27,32.3,Yes,20,35,4,15.9,0,338.71,122,38,17,9.28,Yes,23,0.59,-5,92,93,96,0.96,55501,2477.6,4.92,7745.8,39.3,-50.3,39.8,45.6,B,30.9,NA,70,57,A,16.3,11,11,24.2,1.8,15,-,602.8,40,15,1,NA,9.6,214,Yes,1.9,18,105,NA,No,400,NA,No,No,No,3.95,0,Yes,7,1.2,-9,20,NASDAQ,No,92,Yes,5.39,-,97,7435.5,-9,-12,-1.1,7.5,Yes,No,37.7,-1,MISC,2.5,NA,Yes,72,2631.9,No,No,No,43.6,-40.6,NA,17.8,12,2026-08-14,UFPT,5,0,7,0,12,10,10,44,108.66666666666667,45,FALSE,FALSE,Pullback to 10SMA
9575,S,SentinelOne Inc.,NA,2.9,2.5,2.3,23.95,8,0,0,2,854.2,18878488,NA,0,A+,No,No,No,No,No,0.03,92.1,0,1.33,99.57,0,0,95,0,57,-27.9,5.04,5.19,NA,21.7,21.4,54,30,No,Yes,400.6,501.2,450.9,420.7,14,-,-,207,-29,No,No,54.1,23.11,Computer Sftwr-Security,NA,5.1,107,No,0.99,0.6,Yes,39,105,-6.9,5.9,0,23.95,11,3,53,0.22,Yes,0,-3.06,-3.51,92,96,95,1.83,122743,8172.4,4.52,336745,47,-7.4,16,40,A+,66.6,NA,75,4,A+,83.3,74,43,27.9,5.9,15,9,1001.3,118,21,300,NA,20.5,6835,Yes,-0.73,78,6260,NA,No,504,NA,No,No,No,7.42,0,Yes,100,1.3,75,22,New York Stock Exchange,Yes,97,No,5.49,-,96,319285.4,1329,300,87.5,21.3,Yes,No,47.4,2,SOFTWARE,8,NA,No,55,7008.2,No,No,No,39.5,12.8,NA,-29,-27.5,2026-08-14,S,25,15,10,0,12,10,10,82,109.33333333333333,30,FALSE,FALSE,CANSLIM Growth
6252,BLFS,BioLife Solutions Inc.,NA,3.8,3.4,3.6,35.35,1.2,1.6,2,4,1119.2,4544348,NA,0,A+,No,No,No,No,Yes,0.1,163.5,0,9.69,83.26,3.25,3.25,80,136.79,140,-12.6,4.42,3.84,NA,3.5,6.9,-3,-15,No,No,165,291.9,250.2,178.9,109,11,81,14,-3,Yes,No,45,35.07,Medical-Products,NA,3.1,109,No,1.17,2.9,No,127,36,5.5,9.7,0,35.35,137,98,44,0.98,Yes,0,-0.45,-0.79,92,94,94,1.84,35026,1723,3.96,48906.7,42,-58.7,22.4,66.5,C+,57.8,NA,80,87,A+,2812,299,-33,19.4,2.6,8.7,16,96.2,84,12,0,NA,13.4,1175,Yes,-0.16,425,479,NA,No,357,NA,No,No,No,15.76,0,Yes,376,1.2,300,17,NASDAQ,Yes,95,No,4.08,Yes,99,46899.7,200,125,337.9,12,Yes,Yes,43.7,3.5,MEDICAL,1.2,NA,No,70,1652,No,No,No,38.5,-68.1,NA,-3.4,158.4,2026-08-14,BLFS,30,15,10,0,12,10,10,87,113.33333333333333,40,TRUE,FALSE,CANSLIM Growth
9516,ROKU,Roku Inc. Cl A,NA,1.3,1.8,2.3,157.86,3,0,0,2,356.4,10637370,NA,0,A,No,No,No,No,Yes,0.19,37.4,0,2.86,74.63,0,0,92,253.23,49,2,2.47,1.29,NA,17.8,18.6,15,17,No,No,450.9,721.2,632.6,531.9,16,-,-,-,3,Yes,No,45.3,157.68,Leisure-Movies & Related,NA,10.5,139,No,1.87,16.4,No,19,67,28.2,8.2,0,157.86,100,139,61,2.34,Yes,0,2.34,-0.11,92,89,93,2.06,679518,22868.4,1.26,132050.9,38.4,-59.1,11.2,25.3,E,75.1,NA,84,127,A+,78.4,369,38,12.2,4.5,7.1,17,4737.3,82,22,166,NA,22.1,4926,Yes,3.6,232,1924,NA,No,881,NA,No,No,Yes,4,0,Yes,1443,1.1,400,15,NASDAQ,Yes,95,Yes,8.29,-,102,130291.8,321,367,921.4,20.1,Yes,No,34.4,3.6,LEISURE,3,NA,No,52,20719.2,No,No,No,80.2,-64.5,NA,3.4,12.1,2026-08-14,ROKU,30,15,10,0,12,10,10,87,101.33333333333333,40,TRUE,TRUE,Momentum Leader
7990,ITGR,Integer Holdings Corp.,NA,8,8.6,7.1,126.14,0,1.6,2,4,1119.2,3695215,NA,0,A+,No,No,No,No,Yes,2.35,41,0,3.73,22.73,1.41,1.41,59,128.88,19,6.8,2.91,2.96,NA,4.1,2.9,11,7,No,Yes,12.9,6,10.8,12.5,75,14,16,10,6,No,No,59.7,125.26,Medical-Products,NA,3.1,109,Yes,2.94,74.2,No,127,20,-17.4,11,0,126.14,137,98,32,6.35,Yes,5,0.16,-0.7,92,94,90,0.89,103849,4251,2.91,33992,44.8,-59.4,34.2,39.5,C+,45.8,NA,73,87,A,16,-4,11,24.2,0.1,11.8,52,1853.6,13,-2,21,NA,-1,925,Yes,0.2,-6,369,NA,No,446,NA,No,No,No,2.31,0,No,3,2.5,-8,7,New York Stock Exchange,No,93,Yes,2.48,Yes,100,33553.5,23,25,-2.6,1,No,No,37.3,2.5,MEDICAL,0,NA,Yes,72,5552.3,No,No,No,17.3,24.5,NA,6.1,5.1,2026-08-14,ITGR,0,0,5,0,12,10,10,37,107,20,FALSE,FALSE,Momentum Leader
7604,GRMN,Garmin Ltd.,NA,4.9,4.8,3.8,314.28,-0.2,5.6,1,0,66,3609370,03/11/2027,1.05,A,Yes,Yes,No,Yes,Yes,0.04,26.6,1.4,3.02,36.77,2.6,2.92,78,121.72,30,27.8,3.06,3.26,NA,14.9,13.5,10,17,No,Yes,20.9,24.8,18.6,22.4,8,11,24,19,11,Yes,No,52.9,310.2,Consumer Prod-Electronic,NA,0,95,Yes,8.59,1.8,No,18,32,-20.2,2.2,0,314.28,72,5,31,9.67,Yes,13,-0.55,-1.3,91,92,99,0.99,234746,60156.5,3.74,192852.5,33.5,-40.2,28.5,32.3,A+,44.5,NA,94,3,A,22.3,18,11,20.7,0.6,10.1,33,7245.5,32,11,16,NA,12.8,926,Yes,-1.73,20,491,NA,No,2176,NA,No,No,No,7.8,0,Yes,29,1.6,29,15,New York Stock Exchange,No,90,Yes,6.63,-,99,164830.9,16,0,29.3,14.1,Yes,Yes,28.2,4,CONSUMER,-0.2,NA,No,39,57238.7,No,No,No,32,-39.2,NA,19.8,26.8,2026-08-14,GRMN,20,8,7,0,12,10,10,67,109,55,TRUE,FALSE,Pullback to 10SMA
8476,MGNI,Magnite Inc.,NA,4.9,4.4,4.2,25.45,0,0,0,3,107.6,11638779,NA,0,A+,No,Yes,No,Yes,No,13.06,13.3,0,1.02,16.1,2.05,2.05,71,85.81,21,9.9,5.1,4.62,NA,11.5,11.8,14,10,Yes,Yes,39.8,12.8,14,19.8,9,13,25,10,17,Yes,No,52.4,24.73,Comml Svcs-Advertising,NA,6,126,Yes,0.94,43.1,Yes,50,27,-6,8.3,0,26.65,116,49,97,0.93,Yes,13,0.61,-7.2,91,98,99,2.19,59163,3525.4,5,143424.2,60.9,37,22.4,99.1,B+,111.4,NA,90,44,A+,7.1,30,19,27,6.5,17.7,26,669.6,31,17,23,NA,13.7,3059,Yes,0.15,43,4121,NA,No,462,NA,No,No,No,4.98,0,No,30,1.6,8,7,NASDAQ,No,98,No,3.79,Yes,99,139884,0,18,19.2,11.9,Yes,Yes,62.1,1.1,BUSINS SVC,0,NA,No,55,3563.9,Yes,No,No,4.8,-9.3,NA,17.1,10,2026-08-14,MGNI,20,0,5,5,12,10,10,62,116,40,TRUE,FALSE,CANSLIM Growth
9077,PAY,Paymentus Holdings Inc.,NA,3.4,3.5,3.6,45.31,8.5,0,0,1,1831.6,4255438,NA,0,A,No,Yes,No,Yes,Yes,0.01,17.3,0,4.89,33.34,0.59,0.59,88,239.86,44,7.1,5.6,6.13,NA,32.6,30.3,32,38,No,Yes,43,53.2,48.2,43.6,37,83,67,48,13,Yes,No,32.5,41.86,Finance-CrdtCard/PmtPr,NA,2.4,131,No,2.05,0.8,No,41,49,3.1,7.6,0,45.31,107,70,67,0.86,Yes,44,-0.78,-7.61,91,97,99,1.5,36607,5313.4,6.88,63114.2,47.2,-53.6,48,68.7,B+,81.2,NA,97,43,A,32.6,37,19,44.8,4.2,17.4,13,1196.5,59,29,29,NA,29.5,1276,Yes,-0.33,4,578,NA,No,285,NA,No,No,No,1.94,0,No,67,1.9,50,37,New York Stock Exchange,No,97,No,8.59,Yes,98,56147.7,43,33,58.3,29.1,Yes,No,55.6,14.9,FINANCE,8.5,NA,No,68,4765.2,No,No,No,12.3,-42.6,NA,12.8,7.1,2026-08-14,PAY,27,15,5,0,12,10,10,79,115.66666666666667,50,TRUE,FALSE,CANSLIM Growth
7659,HALO,Halozyme Therapeutics Inc.,NA,7.3,7,7.7,104.78,-4.3,0,0,1,1326.9,14022134,NA,0,A+,No,Yes,No,Yes,No,2.89,14.1,0,2.71,18.76,0.74,0.74,56,111.07,10,33.4,3.45,3.58,NA,40.9,40.9,31,30,No,Yes,19.7,-9,2.1,15.6,18,25,35,-5,154,Yes,No,46.6,98.66,Medical - Profitable Biotech,NA,1.9,35,Yes,2.98,4437.1,Yes,53,18,10.8,12.5,0,104.78,98,83,10,5.36,Yes,30,-2,-5.84,91,93,98,0.77,166063,11425.8,3.64,113498,38.5,-14.8,31.5,42.6,C,24.2,NA,94,91,A,27.6,101,23,24,4.5,13.1,40,1396.6,53,48,-2,NA,45,2059,Yes,-2.01,30,1659,NA,No,897,NA,No,No,No,6.73,0,Yes,48,1.3,44,38,NASDAQ,No,90,Yes,78.38,Yes,94,112304.5,-119,35,46.1,47.2,Yes,Yes,36.3,0.2,MEDICAL,-4.3,NA,No,58,13587.3,No,No,No,50.5,34.1,NA,153.6,47.8,2026-08-14,HALO,22,0,7,0,12,10,10,61,109,45,TRUE,TRUE,Momentum Leader
10060,THC,Tenet Healthcare Corp.,NA,2.4,2.1,2.2,270.57,2.2,0,0,1,130.5,3200670,NA,0,A,No,Yes,No,No,Yes,4.82,10.2,0,1.41,6.87,0.66,0.66,39,38.75,13,13.1,4.35,4.75,NA,5,5.4,3,2,No,Yes,39.2,33.1,31.4,39.9,6,21,49,30,34,No,No,34.8,267.9,Medical-Hospitals,NA,10,43,Yes,10.41,335,Yes,10,14,5.7,4,0,270.57,127,114,2,19.34,Yes,24,0.32,-0.98,91,94,96,1.13,271032,21502.6,4.79,80519,31.8,-59.9,45.8,34.9,D-,15.9,NA,96,123,A,43.6,25,-1,28.1,2.8,10.5,33,21310,70,7,41,NA,4.8,1332,Yes,0.85,25,530,NA,No,1102,NA,No,No,Yes,0.99,0,Yes,52,1.7,11,3,New York Stock Exchange,No,93,Yes,4.63,-,99,79660.7,37,26,31.4,6.2,Yes,Yes,31.7,0.1,MEDICAL,2.2,NA,No,66,33026.7,No,No,No,55.4,-49,NA,33.5,14.7,2026-08-14,THC,20,12,7,0,12,10,10,71,108.66666666666667,40,TRUE,FALSE,Momentum Leader
9433,REPYY,Repsol S.A. ADR,NA,0,0,0,31.14,7.1,0,0,1,775.3,0,07/06/2026,0,C,No,No,No,No,Yes,1.86,20.9,3.2,1.56,6.3,0.79,1.1,17,57.79,6,5,2.36,2.34,NA,14.3,17.7,1,-1,Yes,Yes,76.8,80.6,135.3,105.5,50,8,-17,76,5,No,No,66.6,31.12,Oil&Gas-Explorers/Producers,NA,1.4,50,No,0.66,65.4,Yes,72,9,0,0,0,31.14,32,96,41,3.53,Yes,41,1.9,-0.06,91,89,95,0.43,2683,33471.4,2.23,1105374.4,32,-59,11.2,18.6,B,54.5,NA,88,60,B,-25.5,99,-23,13.2,3.9,4.9,73,64012.7,-1,29,-4,NA,24.4,99,Yes,0.58,224,40,NA,No,10,NA,Yes,No,Yes,0.49,0,No,100,1.3,144,0,US OTC,No,88,Yes,1.28,-,102,0,-1,299,121.6,19.1,Yes,Yes,23.7,42.9,ENERGY,7.1,NA,No,0,42963.3,No,No,No,99.4,-47.2,NA,8.1,6.9,2026-08-14,REPYY,27,15,5,0,12,0,10,69,101.66666666666667,20,TRUE,TRUE,Earnings Accelerator
7421,FTDR,Frontdoor inc.,NA,4.5,5.1,5.1,93.43,-4.8,14.3,1,0,27.8,3038763,NA,0,A+,No,Yes,No,No,Yes,4.71,15.7,0,1.59,15.49,0.69,0.69,58,85.69,17,16.1,3.65,3.92,NA,10.3,9.5,6,8,No,Yes,17.7,5.9,8,12.1,4,28,33,12,106,Yes,No,49.9,86.47,Bldg-Maintenance & Svc,NA,0,113,Yes,3.05,480.2,No,7,19,1.3,4.4,0,93.43,101,142,39,4.47,Yes,19,2.14,-7.45,91,93,91,0.84,46235,5832.5,4.09,68893.3,37.5,-28.5,16.2,38.8,E,52.7,NA,88,142,A-,9.7,15,11,15.6,3.7,10.7,40,2093,46,5,22,NA,5.2,622,Yes,1.81,12,436,NA,No,648,NA,No,No,No,2.77,0,No,18,2.1,14,14,NASDAQ,No,94,Yes,21.1,-,96,68356,-15,14,16.2,7.8,Yes,No,32.5,1.3,BUSINS SVC,-4.8,NA,No,74,6519.1,No,No,No,46.4,-21.7,NA,106,19.4,2026-08-14,FTDR,10,0,5,0,12,10,10,47,106.66666666666667,40,FALSE,FALSE,Momentum Leader
9385,RAMP,LiveRamp Holdings Inc.,NA,2.7,2.3,2.4,37.95,0.1,1.1,1,2,827.8,3885212,NA,0,C,No,Yes,No,No,Yes,0.05,9.9,0,2.66,14.57,0.31,0.31,45,59.12,13,12.1,0.53,0.5,NA,9.2,8.8,12,11,Yes,Yes,35.5,53.1,41.8,38.6,54,49,24,41,15,No,No,28.9,37.85,Computer-Tech Services,NA,2.2,124,No,0.19,2,Yes,93,15,6.2,6.7,0,38.23,135,116,41,2.48,Yes,24,-0.18,-0.99,91,60,91,1.13,42883,2305.3,0.46,60795,22.9,-12.4,-0.2,29.9,E,55.4,NA,97,125,B+,12.1,29,28,0.4,0.1,0.1,35,812.9,17,10,34,NA,9.5,1152,Yes,-0.07,26,976,NA,No,461,NA,No,No,No,2.77,0,No,48,1.2,73,9,New York Stock Exchange,No,75,Yes,2.35,Yes,100,58122.6,38,8,60.5,9.2,Yes,Yes,20.6,-6.7,BUSINS SVC,0.1,NA,No,58,1941.2,No,No,No,46.7,-16.3,NA,15.1,8.2,2026-08-14,RAMP,15,15,5,0,12,10,10,67,87.66666666666667,55,FALSE,FALSE,Momentum Leader
5867,ANET,Arista Networks Inc.,NA,2.1,1.9,1.5,214.89,5.4,0,0,0,716.2,12815409,NA,0,B+,Yes,Yes,No,Yes,Yes,0,39.5,0,2.96,58.01,1.37,1.37,90,237.48,43,47.2,5.97,6.15,NA,31.9,32.3,31,25,Yes,Yes,32.4,33.2,31.2,32.8,14,42,33,31,31,Yes,No,51.7,198.82,Computer-Networking,NA,0,97,No,10.91,0,Yes,17,57,-18.9,1.2,0,214.89,1,8,27,3.46,Yes,7,-2.36,-7.48,90,92,99,1.62,1418669,256810.5,5.83,1261224.6,34.1,-42.6,8.9,34.5,A,40.4,NA,96,24,A,15.1,38,27,14.3,1.6,8.6,-,9005.7,31,38,31,NA,36.4,8188,Yes,-4.8,44,4706,NA,No,4379,NA,No,No,No,23.79,0,No,40,1.3,34,29,New York Stock Exchange,No,89,Yes,16.95,Yes,94,1047401.6,26,25,36.8,33.9,Yes,Yes,29.6,2.5,COMPUTER,5.4,NA,No,49,246066.6,No,No,No,45.7,-14.4,NA,31.4,40,2026-08-14,ANET,22,12,5,0,12,10,10,71,108.66666666666667,60,TRUE,TRUE,Pullback to 10SMA
9758,SMBK,SmartFinancial Inc.,NA,3.4,3.5,2.9,54.14,1.6,0,0,33,542.5,333431,07/30/2026,0,A,No,Yes,No,No,Yes,-0.07,12.6,0.7,0.2,14.45,3.27,3.84,45,58.79,13,19.6,2.85,2.83,NA,16,14.5,9,11,No,Yes,41.4,34,40.3,42.3,208,4,16,37,9,No,No,42.7,52.78,Banks-Regional,NA,12.3,68,Yes,1.4,19.7,No,269,15,-19.4,2.2,0,54.14,74,46,13,3.44,Yes,17,0.4,-2.51,90,83,99,0.72,6109,898.9,2.81,17098.5,27.2,-5.5,13.3,29.1,A-,27.3,NA,89,37,A,6.5,23,12,9.7,0.5,2.7,17,200.5,2,14,46,NA,14.3,129,Yes,0.21,12,119,NA,No,245,NA,No,No,Yes,4.21,0,No,39,2.1,21,11,New York Stock Exchange,No,86,Yes,1.56,-,99,15076.4,42,59,30,14.1,Yes,Yes,22.6,-1.6,BANKS,1.6,NA,No,39,955.1,No,No,No,48.5,4.3,NA,9.6,19,2026-08-14,SMBK,20,12,5,0,12,10,10,69,97.66666666666667,30,TRUE,FALSE,Pullback to 10SMA
10642,ZBRA,Zebra Technologies Corp. Cl A,NA,3.4,3.1,2.9,386.23,-0.1,0,0,0,22.9,2673844,NA,0,A+,Yes,Yes,No,No,No,-7.33,17.3,0,0.52,21,0,0,58,129.56,18,10.3,4.54,4.46,NA,11.3,12.6,-1,6,Yes,No,28.1,34.1,28.4,25.4,1,-4,18,25,12,Yes,No,54.9,376.03,Business Equip & Supplies,NA,0,91,Yes,12.92,70.2,Yes,10,19,-6.9,5.7,0,386.23,44,4,28,19.31,Yes,26,-0.95,-2.64,90,95,99,1.57,235249,17960.5,4.82,47310.7,50.6,-31.5,44.6,45.7,A+,42.1,NA,91,8,A+,45.5,33,5,35.4,2.6,18.7,22,5396,38,20,17,NA,17.4,852,Yes,-3.6,26,573,NA,No,1359,NA,No,No,No,3.04,0,Yes,76,1.6,18,9,NASDAQ,No,95,No,5.19,Yes,97,46813.7,8,11,47,15.1,Yes,Yes,51.5,-18.5,BUSINS SVC,-0.1,NA,No,62,20473,No,No,No,14.7,-36,NA,11.7,15,2026-08-14,ZBRA,25,12,7,0,12,10,10,76,109.66666666666667,25,TRUE,FALSE,CANSLIM Growth
5811,ALRS,Alerus Financial Corp.,NA,5.3,5.4,4.9,34.4,1.3,0,0,33,542.5,1221692,06/25/2026,0,A,No,Yes,No,No,No,-0.02,12.3,2.6,0.03,12.81,0,0,24,120.41,13,6.8,2.68,2.93,NA,22.6,16.9,5,20,No,No,78.9,54.4,61.6,69.1,17,-3,26,57,2,No,No,49.5,33.67,Banks-Regional,NA,12.3,68,Yes,0.95,16.3,No,269,11,-8.5,5.4,0,34.4,74,46,19,3.2,Yes,32,-0.68,-2.12,90,76,98,0.81,7787,844.2,3.19,24903.2,29.3,-25.2,7.8,25.7,A-,33.3,NA,91,37,B+,4.4,8,-6,6.6,-0.1,1.6,86,293.8,3,7,93,NA,8.5,245,Yes,-0.23,0,181,NA,No,221,NA,No,No,No,2.74,0,Yes,11,2.9,59,-1,NASDAQ,No,84,Yes,1.44,Yes,98,22449.4,93,83,35,8.3,Yes,No,23,3.8,BANKS,1.3,NA,No,34,1181.3,No,No,No,53,-46,NA,3.3,19.9,2026-08-14,ALRS,10,15,7,0,12,10,10,64,95,30,FALSE,FALSE,Momentum Leader
6866,DBSDY,DBS Group Holdings Ltd. ADR,NA,0,0,0,240.6,-0.1,0,0,3,5494.8,0,08/16/2026,2.53,A+,No,No,No,No,-,0,0,3.5,0,17.5,0.35,0.39,26,73.21,18,33.9,0.98,1.01,NA,5,4.3,14,9,No,Yes,54.6,2.5,83.9,67.4,-,28,31,62,10,Yes,No,36,238.41,Banks-Money Center,NA,11.1,85,Yes,2.26,43.1,Yes,27,11,0,0,0,240.6,68,18,18,21.9,Yes,14,0.21,-0.91,90,84,98,0.11,7299,169880.5,0.9,709505.4,26.9,-11.6,6.7,26.3,A,32,NA,78,17,A-,7.3,5,8,9.9,1,2.8,77,18096.3,10,7,4,NA,4.6,34,Yes,0.49,-75,29,NA,No,20,NA,Yes,No,No,9.31,0,Yes,11,1.5,8,-3,US OTC,No,86,Yes,NA,-,99,710960,-11,328,9.2,4.3,Yes,No,22.9,42.9,BANKS,-0.1,NA,No,0,250977.8,No,No,No,51.6,-16.3,NA,16.3,32,2026-08-14,DBSDY,10,0,7,0,12,0,10,39,97.66666666666667,30,FALSE,FALSE,Momentum Leader
7010,DXCM,DexCom Inc.,NA,3,3.2,3.3,91.96,5.9,1.6,2,4,1119.2,17545086,NA,0,A+,No,Yes,No,Yes,No,0.72,18.3,0,1.73,25.26,1.07,1.07,80,136.02,32,23.3,3.81,3.87,NA,15.6,15.7,18,14,No,Yes,36.5,57.3,51.9,43.8,28,33,22,51,34,No,No,35.2,89.75,Medical-Products,NA,3.1,109,No,2.97,49.8,No,127,35,2.1,4.7,0,91.96,137,98,14,2.55,Yes,14,-1.89,-2.4,89,92,98,1.12,394047,34521,4.03,377360.8,30.7,-23.5,21.1,55.2,C+,28.2,NA,97,87,A+,14.6,28,17,17.9,2.7,11.1,18,4662,8,13,27,NA,14.1,5202,Yes,-1.73,10,3859,NA,No,2687,NA,No,No,No,6.82,0,No,46,1.5,75,16,NASDAQ,No,90,Yes,12.92,Yes,98,370786.2,51,36,60.4,13.7,Yes,Yes,27.7,3.6,MEDICAL,5.9,NA,Yes,62,33655.4,No,No,No,12.2,-6,NA,34.5,19,2026-08-14,DXCM,20,15,0,0,10,10,10,65,113,45,FALSE,FALSE,Momentum Leader
7251,FBP,First BanCorp (Puerto Rico),NA,4.1,4.9,3.7,29.78,3.6,0,0,33,542.5,6162056,08/26/2026,0.2,B+,No,Yes,No,No,No,-0.02,8.3,2.8,0.05,10.73,0.75,0.9,33,47.3,12,33.2,1.89,1.81,NA,6.1,6,2,0,No,Yes,20.1,21.6,26.2,22.7,57,14,13,25,13,Yes,No,43.3,29.7,Banks-Regional,NA,12.3,68,No,0.5,13.1,Yes,269,13,-23.2,4.1,0,29.78,74,46,19,2.37,Yes,7,1.05,-0.26,89,85,98,0.99,42943,4486.9,1.8,152668.3,28.6,-59.2,11.2,27.1,A-,32.4,NA,87,37,A-,14.3,12,6,9.5,2,3.1,48,1000.8,6,7,19,NA,5.8,1597,Yes,0.31,-6,656,NA,No,610,NA,No,No,No,4.4,0,Yes,24,1.5,21,2,New York Stock Exchange,No,89,Yes,2.29,-,100,148898.9,20,40,22.6,6,Yes,Yes,23.9,0.3,BANKS,3.6,NA,No,75,4166.7,No,No,No,38,-32.6,NA,19,29.6,2026-08-14,FBP,10,8,7,0,10,10,10,55,97.66666666666667,45,FALSE,FALSE,Momentum Leader
6135,BBVA,Banco Bilbao Vizcaya Argentaria S.A. ADR,NA,0.5,0.6,0.9,28.93,1.2,0,0,4,2107.9,1345679,04/08/2026,0,A-,No,Yes,No,No,No,-0.5,2.1,3.1,0.28,1.24,0.46,0.52,35,48.3,11,20.3,2.3,2.29,NA,26.7,1.5,16,24,No,Yes,8.3,5.1,4.2,4.1,6,25,23,2,9,Yes,No,23.1,28.7,Banks-Foreign,NA,9.5,86,No,0.6,194.8,No,42,13,53.7,0,0,28.93,95,61,12,2.21,Yes,7,0.17,-0.81,89,88,97,1.01,41566,160087.9,2.27,5581204.6,23.4,20.7,11.8,30.8,B,26.3,NA,86,55,B,3.5,13,13,12,1.1,5.5,50,43550.9,80,-42,-19,NA,-12,1631,Yes,0.05,25,1897,NA,No,85,NA,Yes,No,No,3.43,0,Yes,18,2.1,17,0,New York Stock Exchange,No,87,Yes,2.34,-,99,5504189,-20,2,17.4,-1.7,Yes,No,20.9,-4.5,BANKS,1.2,NA,No,0,308736.7,No,No,No,50.7,17.7,NA,18.3,13.3,2026-08-14,BBVA,10,0,7,0,10,0,10,37,106.33333333333333,30,FALSE,FALSE,Momentum Leader
9941,SUTNY,Sumitomo Mitsui Trust Group Inc. ADR,NA,0,0,0,5.51,1.7,0,0,3,5494.8,0,03/30/2026,0,B+,No,No,No,No,Yes,1.03,0,1.9,2.84,25.21,0.72,0.76,74,192.42,0,14.7,1.25,1.2,NA,2.9,2.8,14,13,No,Yes,42.8,102.4,59.8,48.2,21,38,82,20,1,No,No,42,5.41,Banks-Money Center,NA,11.1,85,Yes,0.06,256.2,Yes,27,29,0,0,0,5.51,68,18,2,0.19,Yes,46,-1.28,-1.81,89,84,97,0.1,1858,30753.6,1.22,13976260,27.4,-99,5.3,21.4,A,15.5,NA,84,17,A-,0,0,0,8.8,2.1,3.6,-,19301.4,204,6,15,NA,-0.2,378,Yes,-0.07,0,171,NA,No,1,NA,Yes,No,No,4.08,0,Yes,-52,1.3,46,4,US OTC,No,87,Yes,5.28,Yes,98,0,314,-68,-3.3,-0.1,No,No,21.5,0,BANKS,1.7,NA,Yes,0,106738.5,No,No,No,53,-59.1,NA,9.8,20,2026-08-14,SUTNY,0,15,7,0,10,0,10,42,97,25,FALSE,FALSE,Momentum Leader
10298,USFD,US Foods Holding Corp.,NA,4.6,3.5,3.9,111.42,0,0,0,0,85.9,10705069,NA,0,B+,No,Yes,No,No,No,9.2,28.6,0,1.14,18.3,0.9,0.9,70,126.59,21,2.3,3.1,3.07,NA,3.8,3.8,8,5,No,Yes,23.2,19.8,21.4,22.7,2,28,22,21,15,No,No,44.6,108.92,Food - Wholesale,NA,0,39,No,3.11,124.7,Yes,9,25,11.1,5,0,111.42,85,33,-5,4.33,Yes,12,-1.06,-2.24,89,86,96,0.95,273671,23815.8,3.05,216330.7,24.1,-30.9,7.8,29.7,B,9,NA,90,65,A-,5.5,20,16,10.5,2.4,6.7,25,39424,20,4,26,NA,3.6,2819,Yes,-1.17,17,1904,NA,No,1041,NA,No,No,No,0.59,0,No,21,1.6,15,4,New York Stock Exchange,No,79,Yes,5.51,-,98,214659.8,24,26,17.9,3.5,Yes,No,18.3,-4.9,FOOD/BEV,0,NA,No,73,29681.8,No,No,No,41.2,-20.2,NA,15.3,2.6,2026-08-14,USFD,10,8,0,0,10,10,10,48,100.33333333333333,35,FALSE,FALSE,Momentum Leader
7247,FBIZ,First Business Financial Services Inc.,NA,3.3,3.5,3.3,73.48,0.4,0,0,33,542.5,184655,08/11/2026,0,A+,No,Yes,No,No,No,-0.05,8.5,1.9,0.06,8.94,0.84,0.99,26,41.23,11,21.7,2.63,2.67,NA,9.9,10.3,10,9,Yes,Yes,18.6,12.6,18.7,16.9,68,11,16,13,11,Yes,No,31.6,71.44,Banks-Regional,NA,12.3,68,Yes,1.79,36.9,Yes,269,11,-7.7,2.4,0,73.48,74,46,9,6.56,Yes,7,-0.54,-2.78,88,83,99,0.63,3945,601.1,2.88,8368.3,23.9,-43,12.9,30.2,A-,22.4,NA,87,37,A,18.1,10,6,10,-0.1,3.2,82,168.4,20,14,14,NA,11.1,61,Yes,-0.39,-2,34,NA,No,222,NA,No,No,No,3.37,0,Yes,36,2.1,9,7,NASDAQ,No,84,Yes,1.56,-,99,7690.3,-8,37,22.7,8.3,Yes,Yes,20.9,-1.3,BANKS,0.4,NA,Yes,40,813.8,No,No,No,43.4,-41.7,NA,14.1,20.9,2026-08-14,FBIZ,20,0,7,0,10,10,10,57,102,35,TRUE,FALSE,Pullback to 10SMA
9014,OSBC,Old Second Bancorp Inc.,NA,5,4.6,4.2,26.04,1.8,0,0,33,542.5,1706682,07/30/2026,0,A,No,No,No,No,No,-0.02,11.5,1.1,0.05,10.53,0.82,0.88,44,55.98,11,26.8,2.19,1.98,NA,25.4,26.3,22,10,No,Yes,-3.3,17.9,-2.6,-2.2,44,17,-8,0,9,No,No,32.9,25.91,Banks-Regional,NA,12.3,68,No,0.48,11.2,No,269,15,-9.8,3.6,0,26.04,74,46,12,1.74,Yes,39,0.39,-0.5,88,83,98,0.77,9855,1313.1,2,50875.7,23.6,-17,12.6,25.1,A-,26,NA,74,37,A,-0.9,35,9,9.7,0.8,3.7,20,339.3,-7,12,-13,NA,20.2,421,Yes,0.1,220,339,NA,No,309,NA,No,No,No,3.46,0,Yes,13,2.5,12,17,NASDAQ,No,85,Yes,1.46,-,100,47861.4,29,-64,12.5,23.5,Yes,Yes,20.3,3,BANKS,1.8,NA,No,40,1599.8,No,No,No,45.7,-23.8,NA,10.2,24.6,2026-08-14,OSBC,15,8,7,0,10,10,10,60,96.66666666666667,35,FALSE,FALSE,Momentum Leader
9857,SRCE,1st Source Corp.,NA,3.3,3.5,3.8,91.3,0.7,0,0,33,542.5,543037,08/03/2026,0,B,No,No,No,No,No,-0.02,10.7,2,0.04,9.7,1.27,1.59,34,47.56,12,34.1,2.35,2.06,NA,11.9,12,7,9,No,Yes,19.7,22.6,22.3,18.1,22,8,11,21,10,No,No,41.8,88.6,Banks-Regional,NA,12.3,68,Yes,1.75,8.1,No,269,13,9.4,3.1,0,91.46,74,46,12,6.96,Yes,4,-0.03,-3.13,88,74,97,0.68,11910,2134.4,2.08,24081.8,23.9,-4.6,8.7,23.4,A-,25.7,NA,84,37,B,13.8,13,2,6.7,-0.4,1.2,45,434.7,7,8,20,NA,9.5,145,Yes,-0.03,7,136,NA,No,363,NA,No,No,No,4.68,0,No,29,1.8,7,5,NASDAQ,No,80,Yes,1.63,-,99,17747.1,31,21,18.2,11.2,Yes,Yes,19,-0.3,BANKS,0.7,NA,Yes,46,2422.4,No,No,No,43.9,-26.9,NA,13.1,30.2,2026-08-14,SRCE,15,8,0,0,10,10,10,53,93.33333333333333,40,TRUE,FALSE,Momentum Leader
6444,CASS,Cass Information Systems Inc.,NA,3.5,3.7,3.7,59.13,0.7,0,0,1,1831.6,318233,09/03/2026,0.32,A+,No,No,No,No,No,0,12.6,2.2,0.21,21.01,0,0,62,80.1,17,18.7,2.75,2.58,NA,1.5,4.1,5,-1,Yes,Yes,77.7,65.9,106.6,89,1,-1,2,69,7,No,No,40.7,58.41,Finance-CrdtCard/PmtPr,NA,2.4,131,Yes,1.4,1.5,Yes,41,21,-1.8,2.8,0,59.13,107,70,16,2.74,Yes,20,-0.22,-1.23,88,86,96,0.67,4385,749.7,2.58,12806.1,26.2,-25.9,12.2,27.6,B+,29.8,NA,76,43,A,-1.4,21,21,10.6,1.3,4.3,33,190.8,-36,12,77,NA,9.1,84,Yes,-0.13,16,62,NA,No,215,NA,No,No,No,3.76,0,Yes,87,3.5,5,-6,NASDAQ,No,86,Yes,3.06,-,99,11257.6,106,229,45.8,5.8,Yes,Yes,22.2,-2.3,FINANCE,0.7,NA,No,38,361.9,No,No,No,38.5,-38.4,NA,13.2,19.4,2026-08-14,CASS,25,15,7,0,10,10,10,77,100,35,TRUE,FALSE,Pullback to 10SMA
10062,THFF,First Financial Corp.,NA,3.9,3.2,3.2,83.83,0.7,0,0,33,542.5,358400,06/30/2026,0,A,No,No,No,No,No,-0.01,15.6,2.8,0.08,10.9,1.31,1.92,28,43.56,11,28.4,2.53,2.34,NA,15.6,12.4,7,11,No,Yes,54.7,20.5,49.5,52.3,97,6,12,33,9,No,No,35.8,82.06,Banks-Regional,NA,12.3,68,Yes,1.83,3,Yes,269,11,-2.8,3.2,0,83.83,74,46,9,7.14,Yes,16,0.12,-2.11,88,77,96,0.6,8923,974.7,2.42,11891.9,23.1,-22,9.6,24.1,A-,22.6,NA,76,37,B,6.7,16,1,6.5,0.1,2.8,71,261.8,-21,14,67,NA,11.5,117,Yes,0.1,16,90,NA,No,370,NA,No,No,No,3.53,0,Yes,22,1.9,8,13,NASDAQ,No,81,Yes,1.44,-,99,11299.8,32,136,14.7,12.4,Yes,Yes,18.8,1.4,BANKS,0.7,NA,No,45,1327.5,No,No,No,45.9,-42.3,NA,13.2,23.9,2026-08-14,THFF,15,8,7,0,10,10,10,60,94,35,FALSE,FALSE,Pullback to 10SMA
7980,ISMAY,Indra Sistemas S.A. ADR,NA,0,0,0,37.87,1.4,1.1,1,2,799.5,0,07/07/2026,0,C,No,No,No,No,No,0.6,0,0.3,1.8,23.45,0.64,0.65,70,139.52,0,10.8,2.2,2.13,NA,0,0,0,0,No,Yes,54.5,36,31.2,66.8,35,39,47,29,26,No,No,29.4,37,Computer-Tech Services,NA,2.2,124,Yes,0.65,76.9,Yes,93,25,0,0,0,37.87,135,116,8,1.46,Yes,17,-2.12,-2.3,88,90,94,0.38,239,13092.7,2.04,352317.1,21.5,-68.5,32.3,24.9,E,22.2,NA,91,125,A+,0,0,0,18.5,2.3,11.1,13,6158.3,45,47,64,NA,37.3,8,Yes,-0.8,0,2,NA,No,0,NA,Yes,No,No,1.81,0,No,-5,1.9,43,18,US OTC,No,87,Yes,5.85,-,98,0,70,17,18.9,38,Yes,No,18.7,0,BUSINS SVC,1.4,NA,Yes,0,13998.2,No,No,No,82.5,-63.5,NA,29.1,7.8,2026-08-14,ISMAY,7,12,0,0,10,0,10,39,100.66666666666667,40,FALSE,TRUE,Momentum Leader
5728,AGM,Federal Agricultural Mortgage Corp. Cl C,NA,3,2.8,2.6,248.28,-1.2,0,0,1,81.6,355601,09/14/2026,1.6,A+,No,No,No,No,No,-1.94,117.5,2.7,0.11,31.92,0.76,0.91,34,48.21,11,23.2,3.07,3.06,NA,16.5,17.5,14,10,No,Yes,10.9,10.1,10.1,11.9,3,14,7,9,10,Yes,No,32.5,232.7,Finance-Mrtg&Rel Svc,NA,3.8,117,No,6.59,1614.5,Yes,26,13,-7.4,3.9,0,248.28,114,130,20,18.32,Yes,6,0.45,-6.28,88,87,93,0.84,26417,2445.5,3.33,9322.1,31.3,-46.9,17,32.4,D,33.7,NA,81,109,A,11,25,11,13.6,-1.4,4.3,15,410.3,0,25,7,NA,19.1,133,Yes,1.04,17,71,NA,No,354,NA,No,No,No,4.84,0,No,25,1.9,13,22,New York Stock Exchange,No,90,Yes,2.02,-,97,9121.9,-8,10,19.1,18.4,Yes,Yes,30,0.6,FINANCE,-1.2,NA,Yes,48,32475.1,No,No,No,23.6,-42.7,NA,12.9,15.4,2026-08-14,AGM,15,0,0,0,10,10,10,45,104.33333333333333,25,FALSE,TRUE,Pullback to 10SMA
10417,VSEC,VSE Corp.,NA,4.6,6.1,4.6,247.85,10.8,2.6,1,0,82.2,2206875,10/14/2026,0.1,C,No,Yes,No,No,Yes,0.51,-7251.6,0.2,3.77,190.29,3.92,3.97,87,328.12,33,6.2,5.44,5.37,NA,19.6,24,11,12,Yes,Yes,43.7,53.1,55.2,54.5,23,12,12,52,4,Yes,No,40,241.82,Comml Svcs-Consulting,NA,0,106,Yes,11.37,22.9,Yes,38,48,-23.4,8,0,247.85,124,93,5,5.07,Yes,10,4.73,-2.43,88,93,93,1.33,101886,6480.2,5.49,28065,24.3,-24.4,15.9,35,C-,19.3,NA,93,100,B,87.5,60,23,15.9,7,15,5,1112.3,-5,65,25,NA,45.9,488,Yes,10.92,63,355,NA,No,531,NA,No,No,No,5,0,No,80,1.4,50,3,NASDAQ,No,90,Yes,2.31,-,98,27561.3,29,61,65.2,30.8,Yes,Yes,20.3,-2.4,BUSINS SVC,10.8,NA,No,85,7082,No,No,No,47.6,-21.2,NA,4.4,6.3,2026-08-14,VSEC,30,15,0,0,10,10,10,75,106.33333333333333,35,TRUE,TRUE,Momentum Leader
10309,UTZ,Utz Brands Inc.,NA,4.1,4.6,2,14.18,0.4,0,0,0,830.3,7440974,06/21/2026,0,A,No,No,No,No,No,20.88,44.5,1.8,1.06,11.09,1.58,1.9,51,3960.51,18,0,4.59,4.85,NA,2.1,1.9,5,0,No,Yes,6.2,7.9,8.3,4.5,17,9,16,9,0,No,No,36.5,14.17,Food - Packaged,NA,0,77,Yes,0.38,136.1,No,48,17,-57.2,10.3,0,14.19,82,115,38,0.83,Yes,10,0.07,-0.14,88,95,85,0.56,47219,2038.5,5.28,88613.2,52.8,-75.8,89.4,99.9,D+,51.6,NA,78,107,A,2.8,-5,7,42.2,0.2,5.2,53,1438.8,35,1,6,NA,2,3931,Yes,0.01,-2,957,NA,No,251,NA,No,No,No,0.86,0,No,12,4.1,-6,2,New York Stock Exchange,No,94,No,1.8,Yes,100,72030.7,18,10,2.8,1.4,Yes,No,57.6,-6.7,FOOD/BEV,0.4,NA,No,61,2159.8,No,No,No,7.2,-47,NA,0.1,-2.7,2026-08-14,UTZ,10,0,0,0,10,10,10,40,109.33333333333333,15,FALSE,FALSE,Other
5649,ACNB,ACNB Corp.,NA,3.4,4.3,4.1,65.94,0.9,0,0,33,542.5,298559,08/31/2026,0.42,A,No,Yes,No,No,No,-0.09,16.7,2.6,0.04,12.46,1.1,1.45,29,46.19,11,24.2,2.41,2.23,NA,33.6,30.8,9,15,No,Yes,36.6,45.9,51.7,38.2,43,8,9,48,6,No,No,34.3,64.93,Banks-Regional,NA,12.3,68,Yes,1.38,42.6,No,269,12,-4.3,3.1,0,65.94,74,46,10,5.58,Yes,13,0.06,-1.53,87,77,98,0.62,4328,659.9,2.3,10169.9,23.6,-54.3,8.9,23.5,A-,23.6,NA,86,37,B,8.4,11,1,7.3,0.4,2.1,69,154.9,1,8,37,NA,12.9,73,Yes,0.04,3,32,NA,No,217,NA,No,No,No,4.01,0,Yes,34,1.9,28,45,NASDAQ,No,84,Yes,1.56,-,100,9762.4,75,69,31.3,25.6,Yes,Yes,20.6,3.8,BANKS,0.9,NA,No,27,963.9,No,No,No,43.9,-46.4,NA,10.2,29,2026-08-14,ACNB,15,12,7,0,10,10,10,64,94.33333333333333,30,FALSE,FALSE,Pullback to 10SMA
6412,CAC,Camden National Corp.,NA,6.7,6.4,5.9,60.59,1.7,0,0,33,542.5,638781,07/14/2026,0,A-,No,Yes,No,No,No,-0.02,13.8,2.9,0.03,15.3,0,0,27,42.81,11,21.1,3.04,2.76,NA,29.6,25.7,7,13,No,No,28.1,38.9,37.1,31.7,13,-1,11,36,7,Yes,No,35.5,58.77,Banks-Regional,NA,12.3,68,Yes,1.54,11.6,No,269,11,-8.3,3.9,0,60.59,74,46,3,5.21,Yes,13,-0.32,-3,87,77,98,0.68,5673,996.2,2.73,16897,22,-41,9.2,23.6,A-,17.3,NA,91,37,B+,4.9,23,7,7.5,0.2,3,75,255.8,1,7,20,NA,7.1,104,Yes,-0.19,9,60,NA,No,328,NA,No,No,Yes,3.75,0,No,52,2,36,27,NASDAQ,No,77,Yes,1.37,-,99,16461.7,29,32,43.7,19.1,Yes,Yes,16.9,0.9,BANKS,1.7,NA,No,50,1590,No,No,No,49,-42.7,NA,10.6,24.6,2026-08-14,CAC,20,12,0,0,10,10,10,62,94.33333333333333,40,TRUE,FALSE,Pullback to 10SMA
9568,RYCEY,Rolls-Royce Holdings PLC ADR,NA,0,0,0,21.17,0.5,1,1,2,2502.8,0,08/09/2026,0,A-,No,No,No,No,-,0,0,0.7,0,30.33,0,0,84,163.07,182,32.4,1.68,1.76,NA,21.8,23.7,17,19,No,Yes,36.5,23.8,14.1,27.5,-,-,45,12,430,No,No,34.1,20.75,Aerospace/Defense,NA,2.1,58,No,0.34,104.4,No,97,41,0,0,0,21.17,119,84,6,0.5,Yes,0,0.73,-1.97,87,86,98,0.7,56648,171525.4,1.74,8326290,23.3,-60.4,10.4,28.5,B-,19.9,NA,93,78,B+,0,45,15,9.5,0.2,5.5,41,27104.7,-32,26,55,NA,26.4,3008,Yes,0.15,0,1173,NA,No,58,NA,Yes,No,No,5.6,0,Yes,43,2.2,43,16,US OTC,No,85,Yes,NA,-,99,0,-15,-15,43.2,24.6,Yes,No,18.9,31.8,AEROSPACE/DEFENSE,0.5,NA,No,2,170928.6,No,No,No,39,-51.3,NA,609.9,14.1,2026-08-14,RYCEY,22,8,7,0,10,0,10,57,97.33333333333333,35,TRUE,TRUE,Pullback to 10SMA
10549,WTBA,West Bancorp Inc.,NA,6.8,6.5,5.3,30.33,4.9,0,0,33,542.5,346009,08/04/2026,0,A+,No,No,No,No,Yes,-0.1,16.5,3.7,0.33,10.91,0,0,37,50.21,11,20.9,2.76,2.61,NA,22.3,22.4,-3,9,No,No,35.2,23.7,32.1,36,238,-11,10,28,7,Yes,No,34.4,29.83,Banks-Regional,NA,12.3,68,Yes,0.71,39.5,Yes,269,13,-17.7,2.3,0,30.33,74,46,3,2.23,No,27,-0.57,-1.65,87,86,98,0.75,1942,511.3,2.57,17043.7,23,183.4,12.7,28.2,A-,16.8,NA,80,37,A+,1.6,35,8,11.5,3.3,6.1,36,99.5,-1,18,35,NA,17.7,73,Yes,-0.17,22,202,NA,No,217,NA,No,No,No,4.73,0,Yes,36,2.3,33,0,NASDAQ,Yes,83,Yes,1.81,-,98,14992.3,2,57,34.4,22.2,Yes,Yes,19.7,4.3,BANKS,4.9,NA,No,37,858.5,Yes,Yes,Yes,58.4,38.6,NA,13.2,21.7,2026-08-14,WTBA,20,8,10,10,10,10,10,78,100.33333333333333,35,TRUE,FALSE,Breakout
10073,TILE,Interface Inc.,NA,7.5,7.5,8.2,40.5,-0.9,3.1,2,0,660.9,4296494,06/04/2026,0,A,No,Yes,No,No,Yes,0.78,18.4,0.3,2.53,13.38,1.11,1.13,47,58.61,35,9.9,3.61,3.84,NA,6.1,5.6,4,4,No,Yes,39.3,51.6,45.5,46.4,41,14,37,42,20,No,No,36,37.96,Building - Construction Products,NA,0,65,Yes,1.32,38.5,No,64,16,8.3,7.6,0,40.5,65,51,0,2.39,Yes,19,-1.99,-6.27,87,86,97,1.19,17839,2238.6,3.81,57800.5,27.3,-14.5,15.2,33,C+,13.7,NA,98,81,A-,37.6,23,2,12.3,2.8,8.4,72,1386.9,46,5,33,NA,6.1,529,Yes,-0.77,1,436,NA,No,494,NA,No,No,No,1.54,0,Yes,47,1.8,64,5,NASDAQ,No,83,Yes,3.23,-,96,56241.1,44,27,55.3,5.5,Yes,Yes,23.9,-0.4,BUILDING,-0.9,NA,No,74,2430.2,No,No,No,42,-12.5,NA,20.6,13,2026-08-14,TILE,15,15,7,0,10,10,10,67,105,50,FALSE,FALSE,Momentum Leader
7542,GLBE,Global-E Online Ltd.,NA,2.4,2.1,2.2,43.99,0.1,1.8,2,1,5573.4,3591826,NA,0,A+,No,No,No,Yes,Yes,0.04,18.2,0,2.07,26.27,0,0,88,180.73,41,7.3,4.5,4.19,NA,30.7,31.4,0,31,Yes,Yes,724.4,1334.8,1039.6,860.9,67,-,-,-,7,No,No,7.8,42.36,Comp Sftwr - Enterprise,NA,0.9,132,No,1.61,2,Yes,114,49,5.6,3.4,0,43.99,88,9,20,0.86,Yes,0,0.4,-3.71,87,92,96,1.97,59986,7086.5,4.17,167967.4,19.9,-1,9.3,51.6,A,33.8,NA,82,11,A+,24.1,209,35,15.3,2.4,7.6,19,962.2,44,39,187,NA,36,1646,Yes,0.17,232,1575,NA,No,318,NA,No,No,No,6.42,0,No,350,0.9,255,28,NASDAQ,No,91,No,7.94,-,96,105363.5,3400,154,302.3,33.3,Yes,No,23.3,5.6,SOFTWARE,0.1,NA,No,50,6211.7,No,No,No,38.4,34.6,NA,7.5,16,2026-08-14,GLBE,32,15,0,0,10,10,7,74,111.66666666666667,40,FALSE,TRUE,CANSLIM Growth
8719,NEU,NewMarket Corp.,NA,5.9,6.5,5.1,961.98,8.1,0,0,1,587.4,581798,06/14/2026,0,A,No,No,No,No,Yes,1.43,17.1,1.4,2.25,15.87,0.85,0.9,61,77.37,0,20.6,3.04,3.18,NA,-1.4,-1.3,3,0,No,Yes,-1.7,-2.4,-7.5,-5.6,25,23,7,-9,19,Yes,No,40,961.92,Chemicals-Specialty,NA,2,67,No,25.75,54,Yes,51,21,-21.7,7.6,0,961.98,54,86,48,46.48,Yes,20,1.5,-0.01,87,95,95,0.61,95753,8715.5,3.37,9196.4,33.4,6.2,31.1,38.8,C,62.3,NA,74,90,A+,0,0,0,18.3,5.9,13.5,52,2725.2,19,7,-8,NA,1.3,118,Yes,14.21,0,133,NA,No,543,NA,No,No,No,3.23,0,Yes,23,1.4,-5,-2,New York Stock Exchange,No,95,No,4.81,-,100,7620.6,-25,-23,9,-0.1,Yes,Yes,34.8,-5.2,CHEMICAL,8.1,NA,No,46,9495.4,No,No,No,25.5,11.7,NA,25.8,17.8,2026-08-14,NEU,10,0,7,0,10,10,10,47,107.33333333333333,45,FALSE,FALSE,Other
9960,SWK,Stanley Black & Decker Inc.,NA,3.4,3.9,4.9,104.68,-1.8,0,0,0,88.5,8195226,09/07/2026,0.84,A+,No,Yes,No,No,No,4.7,14,3.2,1.43,15.96,0,0,59,93.7,17,2.8,3.63,3.5,NA,0.1,0.6,-3,-2,No,No,16.1,15.6,16,12.6,1,-13,146,11,2,Yes,No,37.4,102.07,Building - Tools,NA,0,25,Yes,3.26,55.7,No,5,20,24.2,5.4,0,104.68,69,10,-2,5.21,No,0,-0.14,-2.49,87,85,95,1.3,164664,15435.4,3.61,151016.6,28.1,-39,16.8,31.9,A-,12.1,NA,90,34,A,29.7,20,14,12.4,-0.2,5.7,60,15130.4,201,0,7,NA,1.6,1840,Yes,-0.14,9,1105,NA,No,1119,NA,No,No,No,1.01,0,Yes,45,1.4,7,-2,New York Stock Exchange,No,84,Yes,1.72,-,98,150576.3,-5,17,26,0.7,Yes,No,23.8,1,BUILDING,-1.8,NA,Yes,65,21592.6,No,No,No,37.2,-19.8,NA,4.5,8.9,2026-08-14,SWK,15,8,7,0,10,10,10,60,104,25,TRUE,FALSE,Pullback to 10SMA
7319,FIVE,Five Below Inc.,NA,1.8,1.7,1.4,249,0.1,0,0,1,1576.3,1864884,NA,0,B,No,Yes,Yes,Yes,Yes,2.03,27.1,0,2.1,23.12,3.39,3.39,76,116.39,27,10.1,3.92,3.68,NA,24.6,25.9,14,16,Yes,Yes,55.4,81.3,73.5,67.4,13,9,13,50,18,No,No,29.8,244.54,Retail - General,NA,6.7,30,Yes,7.61,78.9,Yes,15,30,-20.6,3.4,0,251.63,43,131,5,8.02,Yes,9,1.17,-2.82,87,89,93,1.35,253099,13365.4,3.82,55295.3,21.4,-50.3,26.6,13.8,E,18.7,NA,95,130,B,25.6,37,8,21.2,4.8,11.3,21,4764.1,-7,32,32,NA,28.4,1276,Yes,2.83,65,615,NA,No,866,NA,No,No,No,2.66,0,No,158,1.3,24,23,NASDAQ,No,76,No,5.85,Yes,98,54314.6,62,50,91,26.6,Yes,Yes,15.4,7.3,RETAIL,0.1,NA,No,65,14268.3,No,No,No,82,-42.8,NA,17.9,9.6,2026-08-14,FIVE,32,15,0,0,10,10,10,77,94.66666666666667,40,TRUE,TRUE,Earnings Accelerator
6386,BWIN,Baldwin Insurance Group Inc.,NA,6.9,6.8,6.6,32.56,6.7,0.8,1,5,2392.3,11288142,NA,0,A+,No,No,No,No,No,14.98,113.4,0,1.07,-72.77,0.91,0.91,55,0,14,-3.5,5.92,4.95,NA,16.7,18,28,14,Yes,Yes,9.9,8.7,5,8.7,50,20,21,3,-6,No,No,31.1,31.51,Insurance,NA,3.9,105,Yes,1.37,288.4,Yes,129,18,-1.9,12,0,34.79,73,60,77,1.73,Yes,5,2.14,-9.43,87,96,88,1.24,39806,4303.5,5.28,96838.6,34.6,5.6,18.9,59.1,B,91,NA,81,64,A+,2,20,24,23.6,6,11.4,19,1504.9,34,30,11,NA,29.4,1602,Yes,0.66,39,1664,NA,No,339,NA,No,No,No,1.76,0,No,14,1.9,-3,8,NASDAQ,No,96,No,3.43,Yes,99,94393.6,15,-6,5.6,21.4,Yes,No,38,-0.6,INSURANCE,6.7,NA,No,53,4402,No,No,No,-5.1,-41.2,NA,-5.7,-7.9,2026-08-14,BWIN,17,0,0,0,10,10,10,47,110.33333333333333,20,FALSE,TRUE,Other
6055,AVNT,Avient Corp.,NA,5,4.7,4.7,46.64,1.4,0,0,0,48.6,4070490,06/17/2026,0,A+,No,No,No,No,Yes,2.95,26.1,2.4,1.9,14.29,0,0,45,94.34,14,3.4,3.73,4.01,NA,2.2,2.3,-9,1,Yes,No,9.4,14.5,12.8,11.3,7,-1,9,12,2,No,No,48.3,46.34,Chemicals-Plastics,NA,0,15,Yes,1.53,83.5,Yes,9,15,0.1,4.5,0,46.64,9,127,-5,3.05,No,11,0.48,-0.64,87,94,85,1.41,35881,4230.1,4.17,91719.6,30.2,-32.9,29.4,33.3,D-,8.4,NA,78,120,A+,7.5,13,10,22.3,7.6,16.6,40,3260.2,13,6,6,NA,4.2,951,Yes,0.22,14,641,NA,No,543,NA,No,No,No,1.28,0,No,20,1.4,9,1,New York Stock Exchange,No,91,Yes,1.74,Yes,99,90681.3,14,8,14.6,3.4,Yes,Yes,24.5,1.1,CHEMICAL,1.4,NA,No,66,5720,No,No,No,28.4,15,NA,3.5,7.1,2026-08-14,AVNT,10,0,0,0,10,10,10,40,103.66666666666667,15,FALSE,FALSE,Momentum Leader
6698,CPAY,Corpay Inc.,NA,3.9,3.8,4.1,425.94,6.3,0,0,2,806.7,2582997,NA,0,A+,Yes,Yes,No,Yes,No,1054.07,14,0,0.97,19.78,1.31,1.31,51,96.56,14,34,3.18,3.07,NA,18.9,20.4,12,11,No,Yes,19.1,25.9,22.9,20.9,11,13,14,22,31,Yes,No,38.8,417.6,Financial Svcs-Specialty,NA,4.2,115,Yes,11.48,173.6,No,48,17,6.6,4.1,0,425.94,84,108,10,24.54,Yes,4,-1.8,-1.96,86,88,99,1.16,222369,27921.1,3.07,65659.6,27.8,-52.5,17.3,26.9,C+,23.9,NA,92,86,A+,6.3,28,14,14.1,3.7,7.6,41,4500,12,21,12,NA,23.4,644,Yes,-7.64,26,292,NA,No,1891,NA,No,No,No,5.46,0,Yes,36,1.5,29,14,New York Stock Exchange,No,88,Yes,7.74,-,98,63052.4,13,14,32.5,22.5,Yes,Yes,23.8,4.5,FINANCE,6.3,NA,No,59,29045.4,No,No,No,30.4,-17.5,NA,30.5,18.3,2026-08-14,CPAY,20,12,7,0,10,10,10,69,101,35,TRUE,FALSE,Momentum Leader
8746,NIC,Nicolet Bankshares Inc.,NA,4.7,3.8,3.2,180,3.8,0,0,33,542.5,994188,08/31/2026,0.36,B+,No,Yes,No,No,Yes,-0.02,20.4,0.8,0.11,18.05,1.36,1.46,48,76.82,14,33.6,2.75,2.35,NA,35,40.6,16,20,Yes,Yes,26.9,28,28.6,27.9,142,11,22,28,11,No,No,47.6,179.02,Banks-Regional,NA,12.3,68,Yes,3.98,11,Yes,269,16,-16.1,5.2,0,180,74,46,1,11.13,Yes,10,0.48,-0.54,86,83,99,0.77,49028,3733.8,2.45,20957.5,23.1,-57.3,8.7,26.9,A-,15.4,NA,93,37,A,4.8,19,15,9.9,2,3.9,15,392,17,86,25,NA,68.2,313,Yes,0.86,15,124,NA,No,365,NA,No,No,No,7.22,0,Yes,27,2.7,31,7,New York Stock Exchange,No,83,Yes,1.66,-,99,19118.8,26,30,29.1,49.7,Yes,Yes,17.6,1.1,BANKS,3.8,NA,No,43,3750.1,No,No,No,36.2,-52.5,NA,12.4,24,2026-08-14,NIC,25,12,7,0,10,10,10,74,96.33333333333333,40,FALSE,TRUE,Momentum Leader
6772,CSW,CSW Industrials Inc.,NA,7.9,8.2,8.5,355.48,-1.6,4.5,1,1,696,1290198,07/30/2026,0,A+,No,Yes,No,No,Yes,2.04,37.8,0.3,2.7,38.54,1.3,1.32,76,178.33,27,13.4,4.33,4.55,NA,25.1,27.2,15,14,No,Yes,21.2,23.6,25.5,23.4,15,23,20,27,9,No,No,17.6,345.15,Machinery-Constr/Mining/Farming,NA,4.5,7,No,13.63,85.8,No,22,30,3.6,8,0,355.48,34,55,-2,11.36,Yes,4,0.65,-2.91,86,88,98,1.06,46284,5587.5,5.04,16293.5,20.9,-50.3,17.9,30.2,B,11.5,NA,94,61,A,10.4,21,9,17.4,-0.6,8.8,21,1082.5,20,33,23,NA,33.5,158,Yes,2.22,23,88,NA,No,472,NA,No,No,No,4.81,0,No,35,1.3,40,23,New York Stock Exchange,No,84,Yes,5.24,Yes,97,16073.2,-4,31,37.5,29.1,Yes,Yes,20,-2.1,MACHINE,-1.6,NA,No,62,6498.5,No,No,No,29.8,-27.6,NA,10.6,14.2,2026-08-14,CSW,22,8,0,0,10,10,10,60,105.66666666666667,35,TRUE,TRUE,Pullback to 10SMA
6777,CTBI,Community Trust Bancorp Inc.,NA,4.4,4.1,4.6,79.92,1.4,0,0,33,542.5,559353,09/14/2026,0.65,A,No,No,No,No,Yes,-0.02,12.5,3.3,0.15,13.55,1.8,3.3,36,49.99,12,31.2,2.26,2.22,NA,13.2,12.9,6,10,No,Yes,19,20.9,17.5,19.3,177,4,11,18,7,No,No,39.6,78.87,Banks-Regional,NA,12.3,68,Yes,1.67,9.1,No,269,13,11.3,3.1,0,79.92,74,46,10,5.97,Yes,7,-0.3,-1.31,86,75,98,0.63,9066,1437.3,2.14,18168,23.5,-32.1,9.2,22.3,A-,24,NA,84,37,A,7.7,18,1,7,0.4,1.9,38,282.6,6,12,18,NA,12,124,Yes,-0.24,25,82,NA,No,330,NA,No,No,Yes,4.79,0,No,19,2.5,23,9,NASDAQ,No,80,Yes,1.61,-,100,17896.9,21,7,20.9,12.6,Yes,Yes,18.6,0.9,BANKS,1.4,NA,No,36,1764.2,No,No,No,40.3,-37.3,NA,12.2,27.3,2026-08-14,CTBI,15,8,0,0,10,10,10,53,93.33333333333333,40,FALSE,FALSE,Momentum Leader
6284,BNPQY,BNP Paribas S.A. ADR,NA,0,0,0,65.19,-0.1,0,0,3,5494.8,0,09/22/2026,1.49,B+,No,No,No,No,-,0,0,5.4,0,8.49,0.55,0.79,20,36.24,9,11.1,1.26,1.21,NA,12.7,13.1,-2,8,No,Yes,18.9,23.7,23.1,20.1,-,12,12,23,6,No,No,36.8,64.9,Banks-Money Center,NA,11.1,85,Yes,0.72,252.7,No,27,10,0,0,0,65.19,68,18,9,6.82,Yes,5,-0.03,-0.44,86,83,97,0.54,16811,143339.6,1.12,2209300.3,25.3,-41.1,10.8,20.8,A,22.5,NA,87,17,B+,1.7,10,12,9.3,0.2,3.7,88,60404.7,2,8,22,NA,8.3,289,Yes,-0.02,9,167,NA,No,0,NA,Yes,No,No,2.31,0,Yes,23,1.5,23,-1,US OTC,No,83,Yes,NA,-,100,0,24,21,23.4,13.1,Yes,Yes,18.7,0,BANKS,-0.1,NA,No,0,861515.9,No,No,No,32.6,-49.2,NA,10.2,9.1,2026-08-14,BNPQY,10,8,7,0,10,0,10,45,95.66666666666667,25,FALSE,FALSE,Momentum Leader
9071,PATH,UiPath Inc.,NA,3.4,2.1,1.9,16.82,6.4,1.8,2,1,5573.4,121554390,NA,0,A+,No,No,No,No,Yes,0.06,11.2,0,2.2,23.5,0,0,62,100.42,19,6.2,6.17,6.6,NA,13.5,15.3,18,13,No,Yes,62.5,32.4,93.1,71.4,70,-,26,43,14,No,No,-2.3,16.01,Comp Sftwr - Enterprise,NA,0.9,132,No,0.82,3.4,Yes,114,21,-12.8,31.1,0,19.84,88,9,28,0.76,Yes,0,-4.02,-19.3,86,98,97,1.85,807351,8642.3,6.88,453429.6,25.8,-23.3,34.1,65.6,A,41.4,NA,93,11,A+,-5.9,9,15,33.5,7.2,20.5,42,1610.6,-2,17,36,NA,15.4,67920,Yes,-0.67,-1,52115,NA,No,605,NA,No,No,No,4.34,0,No,36,1.8,15,13,New York Stock Exchange,No,93,No,4.38,Yes,96,390795.4,45,275,25.9,15.6,Yes,Yes,36.2,0.5,SOFTWARE,6.4,NA,No,46,6514.8,No,No,No,49.2,6.4,NA,14.4,5.4,2026-08-14,PATH,20,12,0,0,10,10,10,62,113.66666666666667,50,TRUE,FALSE,CANSLIM Growth
8132,KNBWY,Kirin Holdings Co. Ltd. ADR,NA,0,0,0,19.65,1.9,0,0,1,373.9,0,06/28/2026,0,A+,No,No,No,No,Yes,2.9,15.4,1.8,1.48,8.04,0,0,33,46.96,29,8.3,1.36,1.48,NA,1.7,1.3,0,5,No,Yes,3141.2,3170.6,4715.8,3771,8,-3,8,232,9,No,No,30.8,19.59,Beverages-Alcoholic,NA,4.8,41,Yes,0.27,70.1,No,21,13,0,0,0,19.65,58,41,2,1.56,Yes,43,2.74,-0.3,86,86,96,-0.07,401,15477.7,1.58,810148.1,20.4,-38.9,10.9,22.7,C+,15.8,NA,92,88,A,-17.1,17,2,10.3,4.3,6,60,15857.2,-49,0,150,NA,-0.3,23,Yes,0.52,-16,12,NA,No,0,NA,Yes,No,No,0.99,0,Yes,80,1.2,80,5,US OTC,No,86,Yes,1.86,-,102,0,9351,9351,80.1,0.8,Yes,Yes,17.4,0,ALCOHL/TOB/THC,1.9,NA,No,0,20950.1,No,No,No,35.3,-51.1,NA,12.5,11.6,2026-08-14,KNBWY,20,15,7,0,10,0,10,62,99.33333333333333,30,FALSE,FALSE,Momentum Leader
9773,SMPNY,Sompo Holdings Inc. ADR,NA,0,0,0,23.41,1.5,0.8,1,5,2392.3,0,03/30/2026,0,A-,No,No,No,No,Yes,0.3,0,1.4,6.2,8.85,0.29,0.3,21,58.53,0,13.7,1.32,1.37,NA,22.6,26.2,2,10,No,Yes,52.4,91.9,89.3,73.8,96,32,42,66,12,No,No,33.5,22.72,Insurance,NA,3.9,105,Yes,0.29,20.1,No,129,10,0,0,0,23.41,73,60,3,2.53,Yes,54,2.95,-2.95,86,88,95,0.03,3410,40721.3,1.17,1868457.5,23.4,-25.8,11.8,19.8,B,16.6,NA,98,64,B,0,0,0,10.7,3,4.1,63,40802.3,-42,17,172,NA,20.9,166,Yes,0.65,0,107,NA,No,3,NA,Yes,No,No,1.03,0,Yes,45,1.5,193,16,US OTC,No,87,Yes,1.25,Yes,103,0,38,81,119,29,Yes,Yes,18.3,0,INSURANCE,1.5,NA,No,0,40843.4,No,No,No,41,-63.8,NA,14,9.6,2026-08-14,SMPNY,20,15,7,0,10,0,10,62,99.66666666666667,45,FALSE,FALSE,CANSLIM Growth
9131,PEBO,Peoples Bancorp Inc. (Ohio),NA,6.8,7.5,6.7,42.13,1.1,0,0,33,542.5,1854045,08/02/2026,0,A-,No,No,No,No,No,-0.05,13.4,4.1,0.05,9.93,1.23,2.23,27,47.4,11,21.8,1.93,1.8,NA,4.6,5,17,5,Yes,Yes,8.9,31.7,24.8,14.1,54,5,-10,20,5,Yes,No,37.8,41.38,Banks-Regional,NA,12.3,68,No,0.72,17.5,Yes,269,11,-11,5.3,0,42.29,74,46,9,3.7,Yes,21,0.15,-2.15,86,75,94,0.64,11659,1485.1,1.88,35942.3,22.5,-13.7,8.3,24.1,A-,23.3,NA,76,37,B+,16.7,14,7,6.5,0.3,1.1,76,466.1,-19,6,-8,NA,5.8,300,Yes,0.06,-1,253,NA,No,328,NA,No,No,No,3.1,0,No,65,2.4,19,0,NASDAQ,No,80,Yes,1.2,-,100,34727.1,11,4,41.8,5.6,Yes,Yes,18.1,3.5,BANKS,1.1,NA,No,41,2116.6,No,No,No,38.2,-28.5,NA,9.1,18.7,2026-08-14,PEBO,20,12,0,0,10,10,10,62,92,25,TRUE,FALSE,Momentum Leader
5827,AMBP,Ardagh Metal Packaging S.A.,NA,5.9,5.3,3.6,5.47,3.8,0,0,0,830.3,9127795,09/09/2026,0.1,A,No,No,No,No,No,38.67,22.7,7.9,1.06,6.96,0.97,1.61,58,380.66,19,0.1,4.15,4.63,NA,14.7,14.4,20,8,No,Yes,53.5,62.5,46.9,44.2,15,12,25,29,0,No,No,27.6,5.23,Food - Packaged,NA,0,77,Yes,0.22,0,No,48,19,-31.7,6.6,0,5.47,82,115,-6,0.27,No,0,-0.95,-4.39,86,87,90,0.9,11883,3155.9,4.95,597706.3,23.1,-26.5,18.3,30.4,D+,7.6,NA,94,107,A,24,29,11,12.9,3.6,6.5,38,5497,50,18,17,NA,18.2,2623,Yes,-0.05,0,1866,NA,No,237,NA,No,No,No,0.52,0,No,38,2.1,150,12,New York Stock Exchange,No,83,Yes,-4.12,-,96,137268,0,0,93.8,16.3,Yes,Yes,19.2,2.6,FOOD/BEV,3.8,NA,No,52,7052.9,No,No,No,35.5,-14,NA,0,2,2026-08-14,AMBP,20,15,0,0,10,10,10,65,102.66666666666667,35,FALSE,FALSE,Momentum Leader
5891,APA,APA Corp.,NA,5.2,5.4,5.5,41.24,7.5,0,0,1,775.3,30088863,07/21/2026,0,C,No,No,No,No,No,-12.4,7.6,2.7,0.95,3.2,1.7,3.96,14,32.56,9,31.3,3.74,3.79,NA,-10.2,-13.4,6,6,No,No,27.6,54.2,38.9,26,31,2,-6,35,20,Yes,No,65.5,40.47,Oil&Gas-Explorers/Producers,NA,1.4,50,No,1.35,73.9,Yes,72,8,3,8.6,0,45.66,32,96,31,5.11,No,44,1.18,-11.37,86,82,90,1.04,198135,14014.1,3.81,350351.5,26.1,-27.6,17.2,9.1,B,44.9,NA,78,60,B,-0.3,51,-32,13.7,5.5,9.2,79,9220,-17,-8,0,NA,-11.7,5634,Yes,0.47,32,3961,NA,No,1170,NA,No,No,Yes,1.65,0,No,117,1,30,-8,NASDAQ,No,72,Yes,2.02,-,98,348639.5,15,-7,73.7,-11,Yes,Yes,16.8,6.8,ENERGY,7.5,NA,No,65,18308,No,No,No,97.5,-11.9,NA,25.2,31.5,2026-08-14,APA,25,15,0,0,10,10,10,70,91,30,TRUE,FALSE,CANSLIM Growth
10066,THRM,Gentherm Inc.,NA,4.6,4.9,4,44.45,6.6,0,0,0,226.1,1721326,NA,0,D,No,No,No,No,No,0.65,28.4,0,2.06,11.65,0,0,47,190.31,15,2.4,4.72,5.11,NA,6.9,8.7,9,2,No,No,22.3,57.5,42.5,30.3,24,-3,0,39,3,No,No,21,44,Auto/Truck Equipment Parts & Tires,NA,0,51,Yes,1.99,32.9,No,55,16,-18.1,5.7,0,48.35,62,50,23,2.81,Yes,22,2.16,-9,86,94,87,1.13,17084,1322.5,5.72,30705.2,27.9,-6.8,22.6,39.9,B-,36.6,NA,81,71,B,34.1,29,14,16.1,4.9,7.2,31,1498.6,-10,11,-3,NA,11.1,444,Yes,0.93,-10,407,NA,No,427,NA,No,No,No,0.86,0,No,39,1.1,65,3,NASDAQ,No,94,No,1.87,Yes,101,30031.8,69,-3,51.8,10.2,Yes,Yes,30.7,0.5,AUTO,6.6,NA,No,72,1357.5,Yes,No,No,24.2,-36.1,NA,2.7,1.1,2026-08-14,THRM,20,15,0,0,10,10,10,65,104,35,FALSE,FALSE,CANSLIM Growth
9078,PAYC,Paycom Software Inc.,NA,3.9,3.6,3.6,224.82,1.5,1.8,2,1,5573.4,3275660,08/23/2026,0.38,A+,No,Yes,No,No,No,2.37,11.6,0.7,1.02,18.03,1.07,1.11,62,87.61,17,30.2,5.12,5.65,NA,9.5,9.3,18,11,No,Yes,17.4,17.7,17.3,19.3,29,19,11,15,23,Yes,No,36.9,218.13,Comp Sftwr - Enterprise,NA,0.9,132,No,9.13,3.6,Yes,114,21,0.6,8.5,0,234.6,88,9,60,10.32,Yes,8,-2.46,-7.02,85,98,99,1.25,154058,9903.5,6.25,44285.3,50.3,-39.9,51.8,63.3,A,74.1,NA,88,11,A+,17,30,15,43.4,7.5,23.8,41,2051.7,6,10,13,NA,8.8,1004,Yes,-5.5,44,546,NA,No,794,NA,No,No,No,4.51,0,No,35,1.4,13,9,New York Stock Exchange,No,98,No,16.91,Yes,97,37768.5,6,16,23.7,9.3,Yes,Yes,57.8,-5.1,SOFTWARE,1.5,NA,No,65,9076.9,No,No,No,1,-7.9,NA,27.4,20.2,2026-08-14,PAYC,15,8,0,0,10,10,10,53,114,55,TRUE,FALSE,Other
6982,DSEEY,Daiwa Securities Group Inc. ADR,NA,0,0,0,11.84,-1.3,2.7,1,2,591.9,0,03/30/2026,0,A+,No,No,No,No,No,0.38,0,2.6,1.33,5.34,0.83,0.99,35,46.64,12,17.8,1.43,1.63,NA,5.1,5.9,16,9,No,Yes,23.1,4.2,16.3,23.6,15,13,32,3,6,No,No,30,11.37,Finance-Invest Bnk/Bkrs,NA,5.4,119,Yes,0.18,163.2,Yes,37,13,0,0,0,11.84,105,72,-9,0.88,Yes,28,-1.39,-3.97,85,77,98,0.09,450,15456.6,1.44,1569378.8,18.5,-28.4,2.2,21.7,B+,5.3,NA,87,50,A+,6.4,11,1,6.4,-0.3,0.4,68,9191.3,42,21,3,NA,10.9,43,Yes,-0.16,31,27,NA,No,0,NA,Yes,No,No,1.81,0,No,41,1.9,-14,9,US OTC,No,74,Yes,1.42,-,96,0,-14,53,13.5,7.4,Yes,Yes,13.8,0,FINANCE,-1.3,NA,No,0,-61462.6,No,No,No,50.3,102.5,NA,10.5,12.9,2026-08-14,DSEEY,20,0,0,0,10,0,7,37,93.66666666666667,30,TRUE,TRUE,Momentum Leader
10536,WSBC,WesBanco Inc.,NA,4.9,5.3,4.6,43.02,2.4,0,0,33,542.5,6540707,06/04/2026,0,A,No,No,No,No,No,-0.07,13.9,3.6,0.06,13.28,0,0,30,47.04,12,19.4,2.33,2.09,NA,50.3,43.9,11,24,No,No,38.1,19.1,31.3,42.2,61,-2,11,27,4,No,No,28.4,42.69,Banks-Regional,NA,12.3,68,Yes,0.85,10.4,No,269,12,-13.9,7,0,43.02,74,46,3,3.61,Yes,17,-0.02,-0.77,85,81,97,0.79,56271,4095.2,2.12,95905.9,20.6,-52.3,9.2,28.2,A-,16.5,NA,70,37,A+,7.8,5,8,8.5,1.3,2.7,65,981.1,-9,6,45,NA,19.5,1475,Yes,-0.01,-6,659,NA,No,434,NA,No,No,No,3.86,0,Yes,1,2.5,38,51,NASDAQ,No,79,Yes,1.05,-,100,93773.1,18,68,19.5,34,Yes,No,17.6,6.1,BANKS,2.4,NA,No,51,5525.4,No,No,No,36.4,-57.2,NA,6.5,24.1,2026-08-14,WSBC,0,8,7,0,10,10,10,45,94.66666666666667,25,FALSE,FALSE,Momentum Leader
8920,OBK,Origin Bancorp Inc.,NA,3.7,4.2,4.5,55.52,1.4,0,0,33,542.5,674810,08/13/2026,0,B+,No,No,No,No,No,-0.01,9.5,1.9,0.07,10.77,0,0,51,64.24,13,16.1,2.17,2.04,NA,9.1,23.2,9,3,No,No,29.4,87.9,52.2,35.8,90,-12,-5,50,5,No,No,45.2,54.6,Banks-Regional,NA,12.3,68,Yes,1.08,5.8,Yes,269,17,5.9,2.4,0,55.57,74,46,11,3.2,No,14,0.28,-1.75,85,69,96,0.79,8500,1687.5,2.12,30849.7,24.1,-29.7,7.4,18,A-,24.8,NA,84,37,B,9.4,70,7,5.4,0.6,1.5,12,390.8,-10,29,-2,NA,19.7,165,Yes,0.15,292,124,NA,No,347,NA,No,No,No,3.96,0,No,132,1.6,25,-4,New York Stock Exchange,No,78,Yes,1.31,-,99,28149.9,107,-55,78.6,24,Yes,Yes,17.7,4.2,BANKS,1.4,NA,No,45,1687.5,No,No,No,45.6,34.7,NA,6.3,22.3,2026-08-14,OBK,32,15,0,0,10,10,10,77,90.33333333333333,30,TRUE,TRUE,Earnings Accelerator
6399,BY,Byline Bancorp Inc.,NA,2.6,3.2,2.8,40.03,1.1,0,0,33,542.5,877233,08/03/2026,0,A,No,No,No,No,No,-0.03,13.6,1.4,0.03,12.61,1.59,1.97,29,44.71,12,27.5,1.97,1.88,NA,10.4,10.3,10,8,No,Yes,13.5,19.7,19.4,17.6,15,6,4,19,9,No,No,34.7,39.27,Banks-Regional,NA,12.3,68,No,0.72,12,No,269,12,-13.7,2.7,0,40.03,74,46,6,3.33,Yes,6,0.03,-1.9,85,71,95,0.81,11907,1774,1.9,45186.4,20.7,-52.4,5.6,20.6,A-,19.4,NA,76,37,B+,15.4,13,1,5.2,0.1,1.1,65,446.3,-4,7,9,NA,7.8,325,Yes,0.01,-2,153,NA,No,323,NA,No,No,No,3.83,0,No,21,2.1,28,1,New York Stock Exchange,No,75,Yes,1.36,-,99,32047,10,19,24.5,9.1,Yes,Yes,16,1.6,BANKS,1.1,NA,No,47,2288.6,No,No,No,42.8,-47.4,NA,11,25.1,2026-08-14,BY,10,8,0,0,10,10,10,48,90.66666666666667,35,FALSE,FALSE,Momentum Leader
9587,SAIC,Science Applications International Corp.,NA,5.1,5.1,4.2,128,0.1,2.6,1,0,82.2,2370419,07/09/2026,0,A+,No,Yes,No,No,No,32.72,11.2,1.2,1.16,9.67,0.94,1.05,24,53.47,13,5.2,3.55,3.22,NA,-2,-2.9,0,-2,Yes,Yes,37.6,23,36.5,29.2,8,10,15,25,20,Yes,No,25.8,126.68,Comml Svcs-Consulting,NA,0,106,Yes,3.75,177.7,Yes,38,11,-17.7,5.7,0,128,124,93,32,12.06,Yes,8,0.02,-1.03,85,88,92,0.48,58212,5354.8,3.15,42276.8,25.1,-45.5,11.2,36.7,C-,46.3,NA,87,100,A+,41.4,-5,8,10.2,2,5.4,75,7262,16,2,18,NA,-1.6,514,Yes,0.02,-36,276,NA,No,564,NA,No,No,No,0.73,0,No,68,1.1,2,-3,NASDAQ,No,86,Yes,3.83,Yes,99,41855.5,-1,77,35.1,-2.9,Yes,Yes,22.7,-1.6,BUSINS SVC,0.1,NA,Yes,56,7861,No,No,No,8,-48.2,NA,23.3,6,2026-08-14,SAIC,20,8,0,0,10,10,10,58,103.33333333333333,35,TRUE,FALSE,Pullback to 10SMA
7228,EXPD,Expeditors International of Washington Inc.,NA,4.1,3.8,3.9,189.87,4.1,0,0,2,163.3,4982947,05/31/2026,0,A,No,No,No,No,No,0.34,22.7,0.9,1.46,25.19,0,0,72,103.97,24,9.9,2.35,2.51,NA,7.7,7.4,-9,4,Yes,No,15.1,18.8,14.3,13,8,-6,7,10,27,Yes,No,24.9,186.12,Transportation-Logistics,NA,6.5,52,Yes,4.37,19.5,Yes,31,27,2.6,3.9,0,189.87,64,134,13,6.87,No,20,-0.5,-1.98,85,81,89,0.78,223416,24314.7,2.69,129990.6,20.4,-44.3,4.4,21.2,D-,27,NA,77,121,A,20,29,4,9,3.1,5.1,27,11069,14,32,4,NA,18.2,1322,Yes,-0.93,29,733,NA,No,2067,NA,No,No,No,2.01,0,Yes,51,2,16,4,New York Stock Exchange,No,81,Yes,11.42,-,99,129176.3,-11,1,33.9,11,Yes,Yes,17.9,3.5,TRANSPORTATION,4.1,NA,No,54,23235.7,No,No,No,55.3,-33.5,NA,35.4,7.6,2026-08-14,EXPD,27,8,7,0,10,10,10,72,92,50,TRUE,TRUE,Momentum Leader
6868,DBX,Dropbox Inc.,NA,7,7,6.9,36.3,-1.1,5,1,2,536.4,26742234,NA,0,A+,No,No,No,No,No,-10.25,9.4,0,1.06,9.87,0.62,0.62,29,73.38,11,24.5,3.6,3.85,NA,-0.3,0,4,1,Yes,Yes,11.6,2.5,7.7,9.8,8,19,19,6,0,No,No,23.8,34.42,Computer Sftwr-Database,NA,10,125,Yes,1.21,0,Yes,20,12,-0.6,19.3,0,36.3,52,121,26,2.93,Yes,4,-4.2,-5.18,85,89,86,1,121847,8083.2,4.04,163263.8,26.1,-17.3,14.8,31.4,C,40.3,NA,77,95,A+,1.5,8,8,15.7,-0.1,6,73,2521,26,1,14,NA,0.8,4094,Yes,-1.51,-1,3251,NA,No,745,NA,No,No,No,2.22,0,No,6,1.3,9,-1,NASDAQ,No,90,No,-3.46,-,96,138679.6,-7,23,7.1,0.2,Yes,No,28.7,-7,SOFTWARE,-1.1,NA,Yes,71,10114.6,No,No,No,24.1,9.2,NA,0,15.2,2026-08-14,DBX,0,0,0,0,10,10,10,30,101.66666666666667,30,FALSE,FALSE,Pullback to 10SMA
