"Industry_Name","Sector","Num_Stocks","Avg_RS_Rating","Avg_YTD_Return"
"Business Equip &amp; Supplies","BUSINS SVC","6","86.7","41.2"
"Transportation-Ship","TRANSPORTATION","36","84.1","72.9"
"Oil&amp;Gas-Drilling","ENERGY","9","80.9","43.5"
"Oil&amp;Gas-Refining/Mktg","ENERGY","24","80.5","80.3"
"Transport - Oil/Gas Shipping","TRANSPORTATION","12","78.6","70.2"
"Medical - Research","MEDICAL","29","75.1","25.2"
"Steel-Producers","METALS","11","75.0","16.8"
"Oil&amp;Gas-Integrated","ENERGY","22","73.0","37.2"
"Medical-Hospitals","MEDICAL","9","72.3","24.5"
"Oil&amp;Gas-Explorers/Producers","ENERGY","63","71.7","33.9"
"Computer Sftwr-Security","SOFTWARE","25","71.4","42.1"
"Medical - Home &amp; Nursing Care","MEDICAL","9","71.2","25.3"
"Elec-Semiconductor Mfg","CHIPS","27","70.3","91.8"
"Electronic-Parts","ELECTRNCS","24","69.3","54.0"
"Elec-Semiconductor Equip","CHIPS","33","68.3","83.1"
