"Symbol","Name","Sector","RS_Rating","Comp_Rating","Market_Cap_.mil.","X._Chg_YTD","ROE"
"DELL","Dell Technologies Inc. Cl C","COMPUTER","99","97","368110.2","365.6","0.0"
"CRWD","CrowdStrike Holdings Inc. Cl A","SOFTWARE","99","99","271793.3","134.7","-4.2"
"MPC","Marathon Petroleum Corp.","ENERGY","99","99","124197.6","179.8","23.1"
"VLO","Valero Energy Corp.","ENERGY","99","99","122110.0","166.4","9.7"
"HPE","Hewlett Packard Enterprise Co.","BUSINS SVC","99","99","95696.9","205.8","0.2"
"MRNA","Moderna Inc.","MEDICAL","99","84","78441.9","663.0","-28.9"
"LNVGY","Lenovo Group Ltd. ADR","COMPUTER","99","89","57460.4","254.7","27.9"
"P","Everpure Inc.","COMPUTER","99","99","50870.5","130.5","13.7"
"ILMN","Illumina Inc.","MEDICAL","99","99","40431.8","112.1","33.4"
"OKTA","Okta Inc. Cl A","SOFTWARE","99","99","38110.9","168.5","3.5"
"DINO","HF Sinclair Corp.","ENERGY","99","98","20557.1","163.2","6.2"
"TWST","Twist Bioscience Corp.","MEDICAL","99","72","10246.8","403.7","-16.4"
"TXG","10x Genomics Inc.","MEDICAL","99","72","10068.9","394.5","-5.8"
"ATEYY","Advantest Corp. ADR","CHIPS","98","99","180460.5","106.5","59.4"
"RCRUY","Recruit Holdings Co. Ltd. ADR","BUSINS SVC","98","84","145972.6","99.5","31.0"
