"Sector","Num_Stocks","Avg_RS_Rating","Avg_YTD_Return","Avg_3Mo_Return","Median_Market_Cap","Top_Performers"
"CHIPS","94","71.2","90.3","-6.1","11935","27"
"METALS","46","67.4","21.6","2.4","3120","7"
"COMPUTER","43","65.7","91.9","10.2","2162","12"
"BANKS","374","65.2","16.8","-0.9","1321","33"
"ELECTRNCS","72","65.1","43.7","-3.6","4783","15"
"TRANSPORTATION","118","63.2","33.8","5.2","2109","38"
"ENERGY","268","60.2","22.7","4.1","2846","46"
"MACHINE","139","55.5","16.7","-3.2","4920","16"
"MISC","55","55.1","4.7","-1.5","11176","4"
"SOFTWARE","247","53.7","12.4","8.0","2568","35"
"BUSINS SVC","207","53.2","28.8","4.5","1817","32"
"CHEMICAL","64","52.0","12.6","-3.5","2736","4"
"INSURANCE","120","52.0","-0.9","-4.7","5355","6"
"TELECOM","105","51.7","23.4","-3.8","5797","13"
"MINING","119","50.2","2.6","0.6","2543","11"
"MEDIA","40","50.1","3.1","-7.1","2429","1"
"MEDICAL","690","48.6","2007.6","-4.3","1168","96"
"ALCOHL/TOB/THC","35","46.8","-6.6","-2.6","2592","1"
"LEISURE","128","46.3","0.9","-8.3","3251","11"
"RETAIL","232","46.3","-0.4","-3.9","2775","20"
"AGRICULTURE","25","45.8","0.6","-5.3","1410","0"
"FOOD/BEV","78","45.5","1.9","-7.0","4728","3"
"UTILITY","89","45.5","0.5","-7.0","10630","2"
"CONSUMER","146","44.0","0.7","-0.8","1503","15"
"INTERNET","52","41.1","-5.6","-6.3","1747","4"
"BUILDING","129","40.3","1.6","-8.6","5813","3"
"REAL EST","217","39.4","-5.9","-12.4","1977","1"
"AEROSPACE/DEFENSE","88","38.0","6.1","-15.9","4945","0"
"AUTO","81","36.8","-11.2","-11.5","3768","1"
"FINANCE","637","25.3","0.8","2.3","344","20"
"ETF/ETN/CEF","364","24.1","-4.2","-7.4","308","12"
