Symbol,Name,Current Price,Market Cap (mil),RS Rating,Comp Rating,EPS Rating,SMR Rating,A/D Rating,Quality Score,% Chg 3 Months,% Chg 6 Months
ECO,Okeanis Eco Tankers Corp.,86.85,3398,99,99,99,NA,NA,74.3,62.8,69.1
LITE,Lumentum Holdings Inc.,1133.4,97923,99,99,99,NA,NA,74.3,55,46.8
PAYS,Paysign Inc.,14.36,836,99,99,98,NA,NA,74.1,72,142.6
ATEYY,Advantest Corp. ADR,266.75,177970,98,99,99,NA,NA,74,43.1,92
HBB,Hamilton Beach Brands Holding Co. Cl A,35.8,489,99,98,98,NA,NA,73.8,64.1,93.5
LPG,Dorian LPG Ltd.,56.45,2466,98,99,98,NA,NA,73.8,49.4,63.6
AMD,Advanced Micro Devices Inc.,649.42,1031316,97,99,98,NA,NA,73.6,17.6,194.9
DELL,Dell Technologies Inc. Cl C,574,351153,99,96,99,NA,NA,73.6,39.4,231.4
SMTC,Semtech Corp.,197.2,17996,99,99,95,NA,NA,73.5,42,138.6
P,Everpure Inc.,147.2,47945,98,99,96,NA,NA,73.4,89.4,140.6
BWLP,BW LPG Ltd.,25.59,3801,97,99,97,NA,NA,73.4,35.5,46.1
RCRUY,Recruit Holdings Co. Ltd. ADR,21.35,142970,98,98,97,NA,NA,73.4,45.7,145.7
DHT,DHT Holdings Inc.,23.52,3841,96,99,98,NA,NA,73.3,37.1,27.1
CRWD,CrowdStrike Holdings Inc. Cl A,278.86,279196,99,99,94,NA,NA,73.3,39.9,179.8
ERO,Ero Copper Corp.,37.93,4015,96,98,99,NA,NA,73.3,43.7,33.7
FORM,FormFactor Inc.,141.3,11561,96,98,99,NA,NA,73.3,19.1,35.3
TEAM,Atlassian Corp. Cl A,193.98,49780,95,99,99,NA,NA,73.3,126.9,184.9
TER,Teradyne Inc.,430.32,69498,95,99,99,NA,NA,73.3,13.4,36.4
WT,WisdomTree Inc.,24.18,3704,97,97,99,NA,NA,73.3,31.1,61.8
FTNT,Fortinet Inc.,191.27,135099,97,99,96,NA,NA,73.2,17.8,132.4
NET,Cloudflare Inc. Cl A,355.01,128007,97,99,96,NA,NA,73.2,43.4,67.6
SHIP,Seanergy Maritime Holdings Corp.,17.5,383,96,97,99,NA,NA,73,23.2,26.1
SITM,SiTime Corp.,711.06,21352,96,97,99,NA,NA,73,15.5,95.4
TWLO,Twilio Inc. Cl A,280.41,46212,98,99,94,NA,NA,73,34.1,113.2
HPE,Hewlett Packard Enterprise Co.,70.48,90746,99,98,93,NA,NA,72.8,63.3,186.7
NTAP,NetApp Inc.,228.45,43953,98,99,93,NA,NA,72.8,39.7,126.4
HALO,Halozyme Therapeutics Inc.,109.72,12293,97,99,94,NA,NA,72.8,35.8,73.9
UGP,Ultrapar Participacoes S/A ADR,7.74,8550,97,98,95,NA,NA,72.8,43.1,37
ANET,Arista Networks Inc.,215.36,260947,95,99,96,NA,NA,72.7,24.3,70.6
VIAV,Viavi Solutions Inc.,48.14,11536,95,97,98,NA,NA,72.6,13.5,34.2
