"Symbol","Name","Sector","EPS_Rating","P.E_Ratio_Rank_in_Grp","ROE","Market_Cap_.mil.","Current_Price"
"PLTR","Palantir Technologies Inc.","SOFTWARE","99","4","26.2","455139.3","192.07"
"SII","Sprott Inc.","FINANCE","99","4","19.5","2988.2","119.41"
"FIGS","FIGS Inc.","CONSUMER","99","5","8.4","2264.5","14.10"
"FIX","Comfort Systems USA Inc.","BUILDING","99","6","49.2","60290.3","1817.96"
"CLS","Celestica Inc.","ELECTRNCS","99","9","40.5","48340.7","388.24"
"LITE","Lumentum Holdings Inc.","TELECOM","99","9","-240.0","97922.8","1133.40"
"WT","WisdomTree Inc.","FINANCE","99","9","26.6","3704.5","24.18"
"TRGP","Targa Resources Corp.","ENERGY","99","10","65.1","61627.5","285.72"
"WPM","Wheaton Precious Metals Corp.","MINING","99","10","18.5","62001.2","137.65"
"SITM","SiTime Corp.","CHIPS","99","12","-4.6","21351.6","711.06"
"DHC","Diversified Healthcare Trust","REAL EST","99","13","-15.8","1825.7","7.58"
"ECBK","ECB Bancorp Inc.","BANKS","99","16","4.6","183.1","20.62"
"ATEYY","Advantest Corp. ADR","CHIPS","99","21","59.4","177969.6","266.75"
"GOOGL","Alphabet Inc. Cl A","INTERNET","99","21","35.7","4222736.8","347.68"
"GOOG","Alphabet Inc. Cl C","INTERNET","99","24","35.7","4222736.8","344.59"
"FORM","FormFactor Inc.","CHIPS","99","25","5.5","11561.1","141.30"
"STRL","Sterling Infrastructure Inc.","BUILDING","99","26","30.3","16007.9","563.69"
"TFPM","Triple Flag Precious Metals Corp.","MINING","99","27","12.7","6284.2","30.68"
"ASM","Avino Silver &amp; Gold Mines Ltd.","MINING","99","29","14.8","945.7","5.57"
"PAYS","Paysign Inc.","FINANCE","98","5","19.1","836.2","14.36"
