"Symbol","Name","Sector","RS_Rating","X._Chg_YTD","X._Chg_12_Months","Market_Cap_.mil.","Current_Price"
"ELOX","Eloxx Pharmaceuticals Inc.","MEDICAL","99","1375354.5","13754445.5","62.2","15.13"
"MGRT","Mega Fortune Co. Ltd.","SOFTWARE","99","1338.1","2131.4","1429.9","108.00"
"ANL","Adlai Nortye Group Ltd. ADR","MEDICAL","99","918.3","726.3","968.5","14.46"
"TJGC","TJGC Group Ltd. Cl A","BUSINS SVC","99","913.5","375.6","332.1","27.82"
"MRNA","Moderna Inc.","MEDICAL","99","535.7","580.7","81128.7","187.46"
"BUUU","BUUU Group Ltd.","BUSINS SVC","99","502.8","355.3","728.5","38.70"
"TWST","Twist Bioscience Corp.","MEDICAL","99","426.4","424.2","13495.6","166.97"
"QMCO","Quantum Corp.","COMPUTER","99","418.9","181.0","1340.1","33.47"
"TXG","10x Genomics Inc.","MEDICAL","99","394.5","538.1","12734.7","80.66"
"IOVA","Iovance Biotherapeutics Inc.","MEDICAL","99","374.7","486.4","6409.5","12.96"
"DELL","Dell Technologies Inc. Cl C","COMPUTER","99","356.0","293.8","351153.0","574.00"
"EDRY","EuroDry Ltd.","TRANSPORTATION","99","328.7","346.1","167.6","55.01"
"SILC","Silicom Ltd.","COMPUTER","99","319.4","249.3","351.6","61.65"
"ABCL","AbCellera Biologics Inc.","MEDICAL","99","284.5","124.0","4465.4","13.15"
"LNVGY","Lenovo Group Ltd. ADR","COMPUTER","99","283.5","208.5","56781.8","91.24"
"RCEL","Avita Medical Inc.","MEDICAL","99","276.5","135.3","409.8","12.99"
"PLSE","Pulse Biosciences Inc.","MEDICAL","99","262.3","155.8","3671.5","49.75"
"PURR","Hyperliquid Strategies Inc.","FINANCE","99","251.1","0.0","3595.3","12.50"
"CDNA","CareDx Inc.","MEDICAL","99","238.6","326.4","3613.6","63.79"
"KOD","Kodiak Sciences Inc.","MEDICAL","99","230.3","530.3","5895.9","92.34"
