"Symbol","Name","Sector","X._Chg_1_Month","X._Chg_3_Months","X._Chg_6_Months","RS_Rating","Market_Cap_.mil."
"MAGH","Magnitude International Ltd.","BUILDING","382.9","550.0","0.0","0","236.6"
"TJGC","TJGC Group Ltd. Cl A","BUSINS SVC","167.2","476.0","1079.5","99","332.1"
"MAMK","MaxsMaking Inc.","CONSUMER","361.0","455.6","0.0","0","216.1"
"USDE","StablecoinX Inc.","FINANCE","80.7","446.9","43.3","90","406.7"
"SVRN","SVRN Inc.","FINANCE","382.0","428.3","356.4","99","90.0"
"CYPH","Cypherpunk Technologies Inc.","FINANCE","34.7","383.0","323.2","99","341.6"
"PSIG","PS International Group Ltd.","TRANSPORTATION","150.5","272.8","-28.5","76","70.8"
"HCHL","Happy City Holdings Ltd. Cl A","RETAIL","36.6","270.1","7.3","77","117.9"
"AIFA","All In FutureTech Alliance Inc.","SOFTWARE","142.0","258.4","321.9","0","37.8"
"RFAI","RF Acquisition Corp. II","FINANCE","-7.0","250.0","254.1","0","150.1"
"QMCO","Quantum Corp.","COMPUTER","35.3","217.9","444.2","99","1340.1"
"IOVA","Iovance Biotherapeutics Inc.","MEDICAL","47.4","209.3","292.7","99","6409.5"
"NXTC","NextCure Inc.","MEDICAL","-27.3","174.6","-48.5","0","23.1"
"FEAM","5E Advanced Materials Inc.","MINING","141.0","172.5","150.7","87","163.3"
"YDES","YD Bio Ltd.","MEDICAL","73.7","162.8","-13.7","45","503.7"
"SVIA","Silvia Inc.","SOFTWARE","57.1","153.3","120.0","85","395.0"
"RCEL","Avita Medical Inc.","MEDICAL","16.0","150.3","233.1","99","409.8"
"KOD","Kodiak Sciences Inc.","MEDICAL","161.1","149.4","136.8","99","5895.9"
"EDRY","EuroDry Ltd.","TRANSPORTATION","-4.2","141.1","180.9","99","167.6"
"SWVL","Swvl Holdings Corp.","SOFTWARE","-23.9","140.4","173.7","96","75.9"
