"Symbol","Name","Sector","RS_Rating","EPS_Rating","Comp_Rating","Composite_Score","Market_Cap_.mil.","Current_Price"
"ECO","Okeanis Eco Tankers Corp.","TRANSPORTATION","99","99","99","99.00000","3376.2","93.11"
"ATEYY","Advantest Corp. ADR","CHIPS","98","99","99","98.66667","180460.5","260.82"
"LITE","Lumentum Holdings Inc.","TELECOM","98","99","99","98.66667","100643.9","1103.36"
"PAYS","Paysign Inc.","FINANCE","99","98","99","98.66667","844.1","15.37"
"DELL","Dell Technologies Inc. Cl C","COMPUTER","99","99","97","98.33333","368110.2","586.06"
"HBB","Hamilton Beach Brands Holding Co. Cl A","CONSUMER","99","98","98","98.33333","466.0","34.76"
"LPG","Dorian LPG Ltd.","TRANSPORTATION","98","98","99","98.33333","2404.8","57.64"
"DHT","DHT Holdings Inc.","TRANSPORTATION","97","98","99","98.00000","3822.9","24.64"
"P","Everpure Inc.","COMPUTER","99","96","99","98.00000","50870.5","154.49"
"TEAM","Atlassian Corp. Cl A","SOFTWARE","96","99","99","98.00000","51531.5","206.79"
"AMD","Advanced Micro Devices Inc.","CHIPS","96","98","99","97.66667","1013244.6","608.10"
"BWLP","BW LPG Ltd.","TRANSPORTATION","97","97","99","97.66667","3913.7","26.00"
"ASAIY","Sendas Distribuidora S.A. ADR","RETAIL","98","97","97","97.33333","3271.8","13.32"
"ERO","Ero Copper Corp.","MINING","95","99","98","97.33333","3834.3","37.61"
"FORM","FormFactor Inc.","CHIPS","95","99","98","97.33333","10921.3","139.67"
"FTNT","Fortinet Inc.","SOFTWARE","97","96","99","97.33333","138877.3","194.75"
"NET","Cloudflare Inc. Cl A","SOFTWARE","97","97","98","97.33333","121740.1","360.93"
"CRWD","CrowdStrike Holdings Inc. Cl A","SOFTWARE","99","93","99","97.00000","271793.3","275.04"
"HPE","Hewlett Packard Enterprise Co.","BUSINS SVC","99","93","99","97.00000","95696.9","73.46"
"SHIP","Seanergy Maritime Holdings Corp.","TRANSPORTATION","95","99","97","97.00000","373.6","17.11"
